0.13,0.134,0.13,0.134,0.128,0.132,0.123,0.128,0.116,0.122,0.106,0.113,0.093,0.102,0.078,0.089,0.061,0.074,0.04,0.059,0.018,0.047,0.008,0.044,0.035,0.055,0.065,0.077,0.097,0.105,0.13,0.136,0.166,0.17,0.202,0.205,0.24,0.242,0.279,0.28,0.318,0.319,0.358,0.358,0.397,0.397,0.436,0.436,0.475,0.474,0.513,0.512,0.55,0.548,0.585,0.583,0.618,0.616,0.649,0.648,0.679,0.677,0.705,0.703,0.729,0.727,0.75,0.748,0.769,0.766,0.784,0.781,0.795,0.793,0.804,0.801,0.809,0.806,0.81,0.808,0.809,0.806,0.803,0.801,0.795,0.793,0.784,0.782,0.769,0.767,0.751,0.75,0.731,0.73,0.709,0.707,0.683,0.683,0.656,0.656,0.627,0.627,0.596,0.596,0.564,0.565,0.531,0.532,0.497,0.498,0.462,0.464,0.428,0.429,0.393,0.395,0.358,0.36,0.323,0.327,0.29,0.294,0.257,0.262,0.225,0.231,0.195,0.201,0.166,0.173,0.138,0.147,0.113,0.123,0.089,0.101,0.067,0.082,0.046,0.066,0.028,0.054,0.012,0.046,0.002,0.043,0.014,0.043,0.024,0.046,0.033,0.05,0.039,0.053,0.044,0.055,0.047,0.056,0.049,0.057,0.049,0.056
0.11,0.187,0.107,0.187,0.102,0.185,0.095,0.18,0.086,0.172,0.074,0.162,0.059,0.149,0.042,0.133,0.022,0.115,0,0.095,0.024,0.073,0.051,0.051,0.08,0.036,0.111,0.043,0.143,0.068,0.178,0.1,0.213,0.135,0.25,0.172,0.288,0.211,0.326,0.25,0.364,0.29,0.403,0.331,0.441,0.371,0.479,0.411,0.515,0.45,0.551,0.488,0.585,0.525,0.618,0.561,0.649,0.594,0.677,0.626,0.703,0.655,0.726,0.681,0.747,0.705,0.764,0.726,0.779,0.744,0.79,0.759,0.798,0.771,0.803,0.779,0.804,0.784,0.802,0.786,0.797,0.785,0.788,0.78,0.776,0.773,0.761,0.763,0.744,0.749,0.723,0.733,0.7,0.715,0.675,0.694,0.648,0.671,0.618,0.647,0.587,0.62,0.555,0.592,0.522,0.564,0.488,0.534,0.453,0.503,0.418,0.472,0.383,0.441,0.348,0.41,0.313,0.379,0.279,0.349,0.246,0.319,0.214,0.29,0.184,0.262,0.155,0.236,0.127,0.21,0.101,0.186,0.077,0.164,0.055,0.143,0.035,0.124,0.017,0.107,0.001,0.092,0.013,0.078,0.025,0.066,0.035,0.056,0.043,0.048,0.05,0.041,0.054,0.036,0.057,0.033,0.058,0.03,0.058,0.028,0.057,0.027
0.082,0.196,0.076,0.193,0.067,0.188,0.057,0.18,0.044,0.169,0.028,0.156,0.011,0.14,0.01,0.121,0.032,0.101,0.057,0.078,0.083,0.055,0.112,0.034,0.142,0.03,0.174,0.051,0.208,0.081,0.242,0.114,0.278,0.149,0.314,0.185,0.351,0.222,0.388,0.26,0.424,0.298,0.46,0.335,0.496,0.372,0.53,0.409,0.564,0.444,0.595,0.479,0.625,0.512,0.653,0.543,0.679,0.572,0.702,0.599,0.722,0.625,0.74,0.647,0.755,0.667,0.766,0.685,0.775,0.7,0.78,0.712,0.782,0.721,0.781,0.728,0.776,0.731,0.769,0.732,0.758,0.73,0.744,0.726,0.727,0.719,0.708,0.709,0.686,0.698,0.662,0.684,0.636,0.668,0.608,0.65,0.578,0.631,0.546,0.61,0.514,0.588,0.48,0.565,0.446,0.541,0.412,0.517,0.377,0.491,0.343,0.466,0.309,0.441,0.275,0.415,0.243,0.39,0.211,0.365,0.181,0.341,0.152,0.317,0.124,0.294,0.098,0.271,0.074,0.25,0.052,0.23,0.032,0.21,0.014,0.192,0.003,0.174,0.017,0.158,0.029,0.142,0.039,0.128,0.047,0.115,0.054,0.102,0.058,0.091,0.061,0.08,0.062,0.071,0.062,0.062,0.061,0.054,0.058,0.048,0.054,0.042
0.101,0.151,0.093,0.147,0.084,0.142,0.071,0.136,0.057,0.129,0.04,0.121,0.02,0.114,0.002,0.109,0.026,0.107,0.052,0.11,0.08,0.117,0.111,0.13,0.143,0.148,0.176,0.169,0.211,0.194,0.246,0.22,0.283,0.249,0.32,0.279,0.358,0.31,0.395,0.342,0.432,0.373,0.469,0.405,0.505,0.436,0.54,0.467,0.573,0.497,0.605,0.526,0.635,0.554,0.663,0.58,0.688,0.604,0.711,0.626,0.731,0.647,0.749,0.665,0.763,0.681,0.775,0.694,0.783,0.705,0.788,0.713,0.79,0.719,0.789,0.722,0.785,0.723,0.777,0.721,0.767,0.716,0.753,0.709,0.737,0.7,0.718,0.688,0.696,0.674,0.673,0.658,0.647,0.641,0.619,0.621,0.59,0.601,0.559,0.578,0.527,0.555,0.495,0.531,0.461,0.506,0.427,0.481,0.393,0.455,0.36,0.43,0.326,0.404,0.293,0.379,0.261,0.355,0.229,0.331,0.199,0.308,0.17,0.287,0.143,0.267,0.117,0.248,0.092,0.231,0.07,0.215,0.049,0.201,0.03,0.189,0.014,0.178,0.001,0.169,0.014,0.161,0.025,0.154,0.035,0.148,0.042,0.142,0.048,0.137,0.052,0.132,0.055,0.127,0.056,0.122,0.056,0.117,0.054,0.111,0.052,0.105
0.108,0.115,0.105,0.109,0.1,0.1,0.093,0.091,0.083,0.08,0.071,0.069,0.057,0.06,0.04,0.054,0.021,0.056,0.001,0.065,0.024,0.082,0.05,0.103,0.078,0.127,0.107,0.154,0.138,0.182,0.171,0.211,0.205,0.241,0.24,0.272,0.276,0.303,0.313,0.335,0.35,0.366,0.387,0.397,0.424,0.428,0.46,0.458,0.496,0.488,0.531,0.516,0.564,0.543,0.596,0.568,0.626,0.592,0.655,0.614,0.681,0.635,0.705,0.653,0.726,0.669,0.745,0.683,0.761,0.695,0.774,0.704,0.784,0.711,0.79,0.715,0.794,0.717,0.795,0.717,0.792,0.714,0.786,0.709,0.778,0.702,0.766,0.692,0.752,0.681,0.734,0.667,0.715,0.651,0.693,0.634,0.668,0.615,0.642,0.594,0.614,0.573,0.585,0.55,0.554,0.526,0.522,0.501,0.489,0.475,0.455,0.449,0.422,0.423,0.388,0.397,0.354,0.37,0.32,0.344,0.287,0.319,0.255,0.293,0.224,0.269,0.193,0.245,0.164,0.223,0.137,0.201,0.111,0.181,0.086,0.163,0.063,0.146,0.043,0.131,0.023,0.118,0.006,0.106,0.009,0.097,0.022,0.09,0.034,0.085,0.043,0.081,0.051,0.079,0.057,0.078,0.062,0.077,0.065,0.076,0.066,0.076
0.074,0.088,0.075,0.075,0.074,0.061,0.073,0.048,0.069,0.04,0.063,0.042,0.056,0.054,0.046,0.073,0.035,0.096,0.021,0.121,0.006,0.148,0.012,0.175,0.032,0.204,0.054,0.233,0.077,0.263,0.103,0.292,0.13,0.322,0.158,0.352,0.188,0.381,0.22,0.409,0.252,0.437,0.285,0.463,0.319,0.489,0.353,0.513,0.387,0.536,0.421,0.558,0.456,0.578,0.489,0.596,0.522,0.612,0.553,0.627,0.584,0.639,0.613,0.649,0.64,0.657,0.666,0.664,0.689,0.668,0.71,0.67,0.729,0.669,0.745,0.667,0.758,0.663,0.769,0.657,0.777,0.649,0.782,0.639,0.784,0.628,0.783,0.614,0.779,0.6,0.772,0.584,0.762,0.567,0.75,0.548,0.734,0.529,0.717,0.509,0.697,0.488,0.674,0.466,0.65,0.444,0.623,0.422,0.595,0.4,0.565,0.377,0.534,0.355,0.502,0.333,0.469,0.311,0.436,0.289,0.402,0.268,0.368,0.248,0.334,0.228,0.3,0.21,0.267,0.192,0.235,0.175,0.203,0.158,0.173,0.143,0.143,0.129,0.115,0.116,0.089,0.105,0.064,0.094,0.041,0.084,0.02,0.075,0,0.068,0.017,0.061,0.033,0.055,0.047,0.05,0.058,0.046,0.068,0.042,0.076,0.039
0.044,0.091,0.043,0.089,0.04,0.089,0.037,0.093,0.031,0.102,0.025,0.113,0.016,0.128,0.006,0.145,0.006,0.164,0.019,0.185,0.035,0.206,0.052,0.228,0.07,0.251,0.091,0.274,0.113,0.298,0.136,0.321,0.161,0.344,0.187,0.367,0.215,0.389,0.243,0.411,0.273,0.432,0.303,0.451,0.334,0.47,0.365,0.488,0.396,0.505,0.427,0.52,0.458,0.534,0.489,0.546,0.518,0.557,0.547,0.566,0.575,0.574,0.602,0.58,0.627,0.585,0.651,0.588,0.672,0.589,0.692,0.588,0.71,0.586,0.725,0.583,0.738,0.578,0.748,0.571,0.756,0.564,0.761,0.554,0.764,0.544,0.764,0.533,0.761,0.52,0.755,0.507,0.747,0.493,0.736,0.478,0.722,0.462,0.706,0.446,0.688,0.43,0.667,0.413,0.644,0.396,0.619,0.379,0.593,0.363,0.565,0.346,0.536,0.33,0.505,0.314,0.474,0.298,0.441,0.283,0.408,0.269,0.375,0.255,0.342,0.242,0.308,0.23,0.275,0.218,0.243,0.208,0.211,0.198,0.18,0.188,0.15,0.18,0.121,0.171,0.093,0.164,0.067,0.157,0.043,0.15,0.02,0.144,0.001,0.138,0.021,0.132,0.038,0.126,0.054,0.121,0.067,0.115,0.079,0.109,0.089,0.103
0.009,0.116,0.002,0.13,0.008,0.146,0.018,0.163,0.03,0.181,0.044,0.2,0.059,0.219,0.075,0.239,0.093,0.259,0.112,0.279,0.133,0.299,0.155,0.319,0.178,0.338,0.202,0.357,0.227,0.376,0.253,0.394,0.28,0.411,0.307,0.427,0.335,0.442,0.364,0.457,0.392,0.47,0.42,0.482,0.448,0.493,0.476,0.503,0.503,0.511,0.53,0.519,0.556,0.524,0.58,0.529,0.604,0.532,0.625,0.534,0.646,0.535,0.665,0.534,0.681,0.532,0.696,0.529,0.709,0.524,0.72,0.518,0.728,0.511,0.734,0.504,0.738,0.495,0.739,0.485,0.737,0.474,0.734,0.463,0.727,0.451,0.719,0.438,0.708,0.425,0.694,0.411,0.679,0.398,0.661,0.383,0.641,0.369,0.619,0.355,0.596,0.34,0.571,0.326,0.544,0.312,0.516,0.298,0.487,0.285,0.458,0.272,0.427,0.259,0.396,0.247,0.364,0.236,0.332,0.225,0.3,0.214,0.268,0.205,0.237,0.196,0.206,0.187,0.176,0.179,0.147,0.172,0.119,0.165,0.092,0.158,0.066,0.152,0.042,0.146,0.019,0.141,0.002,0.136,0.022,0.13,0.04,0.125,0.056,0.12,0.07,0.115,0.082,0.11,0.093,0.105,0.102,0.1,0.109,0.095,0.114,0.09
0.038,0.242,0.049,0.261,0.061,0.28,0.075,0.299,0.089,0.318,0.105,0.337,0.122,0.355,0.139,0.372,0.158,0.389,0.177,0.405,0.198,0.42,0.219,0.435,0.24,0.449,0.263,0.461,0.286,0.473,0.309,0.484,0.333,0.494,0.357,0.502,0.381,0.51,0.405,0.516,0.429,0.521,0.452,0.525,0.476,0.528,0.499,0.529,0.521,0.529,0.542,0.528,0.563,0.526,0.582,0.523,0.601,0.518,0.618,0.513,0.634,0.506,0.648,0.498,0.661,0.489,0.672,0.479,0.682,0.469,0.689,0.457,0.695,0.445,0.699,0.432,0.701,0.418,0.701,0.404,0.699,0.389,0.695,0.374,0.689,0.359,0.681,0.343,0.671,0.327,0.659,0.311,0.646,0.295,0.63,0.279,0.613,0.263,0.594,0.247,0.574,0.232,0.552,0.216,0.529,0.201,0.505,0.187,0.479,0.173,0.453,0.159,0.426,0.146,0.399,0.134,0.371,0.122,0.342,0.111,0.314,0.1,0.285,0.091,0.257,0.082,0.229,0.073,0.201,0.066,0.174,0.059,0.147,0.052,0.121,0.047,0.097,0.042,0.073,0.038,0.051,0.034,0.029,0.031,0.009,0.028,0.009,0.025,0.026,0.022,0.042,0.02,0.056,0.018,0.068,0.016,0.079,0.014,0.088,0.012,0.096,0.009
0.07,0.412,0.082,0.421,0.094,0.43,0.108,0.439,0.122,0.446,0.136,0.453,0.152,0.46,0.168,0.465,0.185,0.47,0.202,0.475,0.22,0.478,0.238,0.481,0.257,0.484,0.276,0.485,0.295,0.486,0.315,0.486,0.335,0.485,0.355,0.484,0.375,0.481,0.395,0.479,0.415,0.475,0.434,0.471,0.454,0.466,0.472,0.46,0.491,0.454,0.509,0.447,0.526,0.44,0.542,0.432,0.558,0.423,0.572,0.414,0.586,0.404,0.599,0.394,0.61,0.384,0.62,0.373,0.63,0.362,0.637,0.35,0.644,0.339,0.649,0.327,0.652,0.315,0.654,0.302,0.655,0.29,0.654,0.277,0.651,0.265,0.647,0.252,0.641,0.24,0.634,0.227,0.626,0.215,0.616,0.203,0.604,0.191,0.591,0.179,0.577,0.168,0.562,0.157,0.545,0.146,0.527,0.135,0.508,0.126,0.488,0.116,0.468,0.107,0.446,0.099,0.424,0.091,0.401,0.084,0.377,0.078,0.354,0.073,0.33,0.068,0.305,0.065,0.281,0.062,0.257,0.059,0.232,0.058,0.208,0.057,0.185,0.057,0.162,0.057,0.139,0.057,0.117,0.057,0.096,0.058,0.075,0.058,0.056,0.059,0.037,0.059,0.019,0.059,0.002,0.059,0.013,0.059,0.027,0.058,0.041,0.058
0.222,0.311,0.237,0.313,0.252,0.315,0.267,0.317,0.282,0.319,0.298,0.32,0.314,0.321,0.33,0.323,0.346,0.323,0.362,0.324,0.378,0.325,0.394,0.325,0.41,0.325,0.425,0.325,0.441,0.325,0.456,0.324,0.471,0.324,0.485,0.323,0.499,0.322,0.512,0.321,0.525,0.319,0.537,0.318,0.548,0.316,0.559,0.314,0.569,0.312,0.578,0.31,0.586,0.308,0.593,0.305,0.599,0.303,0.604,0.3,0.608,0.297,0.611,0.294,0.612,0.291,0.613,0.288,0.612,0.285,0.611,0.281,0.608,0.278,0.604,0.274,0.598,0.27,0.592,0.267,0.584,0.263,0.576,0.259,0.566,0.255,0.555,0.251,0.543,0.247,0.53,0.242,0.516,0.238,0.501,0.234,0.486,0.23,0.469,0.225,0.452,0.221,0.434,0.217,0.415,0.212,0.396,0.208,0.376,0.204,0.356,0.199,0.336,0.195,0.315,0.191,0.294,0.186,0.273,0.182,0.251,0.178,0.23,0.174,0.209,0.169,0.188,0.165,0.168,0.161,0.147,0.157,0.127,0.153,0.108,0.149,0.089,0.145,0.071,0.141,0.053,0.137,0.036,0.134,0.019,0.13,0.004,0.126,0.011,0.123,0.025,0.119,0.038,0.116,0.049,0.113,0.061,0.109,0.071,0.106,0.08,0.103
0.131,0.132,0.13,0.132,0.128,0.13,0.123,0.126,0.116,0.119,0.106,0.109,0.094,0.098,0.079,0.083,0.061,0.067,0.041,0.05,0.018,0.034,0.008,0.03,0.035,0.045,0.065,0.071,0.097,0.101,0.131,0.133,0.166,0.168,0.203,0.204,0.24,0.241,0.279,0.28,0.318,0.319,0.358,0.358,0.398,0.397,0.437,0.437,0.476,0.475,0.513,0.513,0.55,0.55,0.585,0.585,0.619,0.618,0.65,0.649,0.679,0.678,0.706,0.705,0.73,0.729,0.751,0.75,0.769,0.768,0.784,0.783,0.796,0.795,0.804,0.803,0.809,0.808,0.811,0.81,0.809,0.808,0.804,0.803,0.796,0.795,0.784,0.783,0.77,0.769,0.752,0.751,0.732,0.731,0.709,0.709,0.684,0.684,0.657,0.656,0.627,0.627,0.597,0.597,0.565,0.565,0.531,0.532,0.497,0.498,0.463,0.463,0.428,0.428,0.393,0.394,0.358,0.359,0.323,0.325,0.29,0.291,0.257,0.259,0.225,0.227,0.194,0.197,0.165,0.169,0.138,0.142,0.112,0.117,0.088,0.094,0.066,0.073,0.046,0.056,0.028,0.041,0.012,0.032,0.003,0.029,0.015,0.031,0.025,0.036,0.033,0.041,0.04,0.046,0.044,0.05,0.048,0.052,0.049,0.053,0.05,0.053
0.111,0.185,0.108,0.185,0.103,0.182,0.096,0.177,0.086,0.17,0.074,0.159,0.059,0.146,0.042,0.13,0.022,0.111,0,0.09,0.025,0.067,0.052,0.043,0.081,0.025,0.112,0.036,0.144,0.065,0.179,0.098,0.214,0.134,0.251,0.172,0.289,0.211,0.327,0.251,0.366,0.291,0.404,0.332,0.443,0.372,0.48,0.412,0.517,0.451,0.553,0.49,0.587,0.527,0.62,0.562,0.65,0.596,0.679,0.627,0.705,0.656,0.728,0.683,0.748,0.707,0.766,0.728,0.78,0.746,0.791,0.761,0.799,0.772,0.804,0.781,0.805,0.786,0.803,0.788,0.797,0.787,0.788,0.782,0.777,0.775,0.762,0.764,0.744,0.751,0.723,0.735,0.7,0.716,0.675,0.696,0.647,0.673,0.618,0.648,0.587,0.621,0.555,0.593,0.521,0.564,0.487,0.534,0.452,0.504,0.417,0.473,0.382,0.441,0.347,0.41,0.312,0.379,0.278,0.348,0.245,0.318,0.213,0.289,0.183,0.261,0.154,0.234,0.126,0.209,0.1,0.184,0.076,0.162,0.054,0.141,0.034,0.121,0.016,0.104,0,0.088,0.014,0.073,0.026,0.061,0.036,0.05,0.044,0.042,0.05,0.034,0.055,0.029,0.057,0.025,0.059,0.023,0.058,0.021,0.057,0.021
0.082,0.194,0.076,0.192,0.068,0.187,0.057,0.179,0.044,0.169,0.028,0.156,0.011,0.141,0.01,0.123,0.032,0.103,0.057,0.082,0.084,0.06,0.113,0.04,0.143,0.035,0.175,0.052,0.209,0.08,0.244,0.112,0.279,0.146,0.316,0.182,0.352,0.219,0.389,0.256,0.426,0.293,0.462,0.331,0.497,0.368,0.532,0.404,0.565,0.439,0.597,0.474,0.627,0.507,0.654,0.538,0.68,0.568,0.703,0.595,0.723,0.621,0.741,0.644,0.755,0.664,0.767,0.682,0.775,0.697,0.78,0.71,0.782,0.72,0.781,0.727,0.776,0.731,0.769,0.732,0.758,0.731,0.744,0.727,0.727,0.72,0.708,0.711,0.686,0.7,0.662,0.687,0.635,0.671,0.607,0.654,0.577,0.635,0.546,0.615,0.513,0.593,0.48,0.57,0.446,0.547,0.411,0.522,0.377,0.497,0.342,0.472,0.308,0.447,0.275,0.422,0.242,0.396,0.211,0.372,0.18,0.347,0.151,0.323,0.124,0.3,0.098,0.278,0.074,0.257,0.052,0.236,0.032,0.217,0.014,0.198,0.002,0.181,0.017,0.164,0.029,0.148,0.039,0.134,0.047,0.12,0.053,0.107,0.058,0.095,0.061,0.084,0.062,0.074,0.062,0.065,0.06,0.056,0.058,0.049,0.054,0.042
0.102,0.151,0.094,0.148,0.084,0.144,0.072,0.138,0.057,0.132,0.04,0.125,0.02,0.118,0.002,0.113,0.026,0.11,0.053,0.111,0.081,0.117,0.111,0.128,0.143,0.144,0.177,0.164,0.212,0.187,0.247,0.212,0.284,0.24,0.321,0.269,0.359,0.3,0.396,0.331,0.434,0.362,0.47,0.394,0.506,0.425,0.541,0.456,0.574,0.486,0.606,0.515,0.636,0.543,0.664,0.569,0.689,0.594,0.712,0.617,0.732,0.638,0.75,0.657,0.764,0.674,0.776,0.688,0.784,0.7,0.789,0.709,0.791,0.716,0.789,0.72,0.785,0.722,0.777,0.721,0.767,0.718,0.753,0.712,0.737,0.703,0.718,0.692,0.696,0.68,0.672,0.665,0.647,0.648,0.619,0.629,0.59,0.609,0.559,0.587,0.527,0.565,0.494,0.541,0.461,0.517,0.427,0.492,0.393,0.466,0.359,0.441,0.326,0.415,0.293,0.39,0.261,0.366,0.229,0.342,0.199,0.319,0.17,0.297,0.143,0.277,0.117,0.258,0.093,0.24,0.07,0.224,0.05,0.21,0.031,0.197,0.014,0.186,0.001,0.177,0.014,0.168,0.025,0.161,0.034,0.155,0.042,0.149,0.047,0.144,0.051,0.139,0.054,0.134,0.055,0.129,0.055,0.123,0.054,0.118,0.051,0.112
0.109,0.115,0.106,0.11,0.101,0.103,0.094,0.094,0.084,0.084,0.072,0.073,0.057,0.063,0.041,0.054,0.022,0.05,0,0.055,0.023,0.067,0.049,0.086,0.077,0.108,0.107,0.133,0.138,0.16,0.171,0.188,0.205,0.217,0.24,0.248,0.276,0.279,0.312,0.31,0.349,0.342,0.386,0.373,0.423,0.404,0.46,0.435,0.496,0.465,0.53,0.494,0.564,0.522,0.596,0.549,0.626,0.574,0.655,0.597,0.681,0.619,0.705,0.639,0.726,0.657,0.745,0.673,0.761,0.687,0.774,0.698,0.784,0.707,0.791,0.713,0.794,0.717,0.795,0.719,0.792,0.718,0.787,0.715,0.778,0.709,0.766,0.702,0.752,0.692,0.735,0.68,0.715,0.665,0.693,0.649,0.669,0.632,0.643,0.612,0.615,0.592,0.585,0.569,0.554,0.546,0.523,0.522,0.49,0.497,0.456,0.471,0.423,0.445,0.389,0.418,0.355,0.392,0.321,0.365,0.288,0.339,0.256,0.313,0.225,0.287,0.194,0.263,0.165,0.239,0.138,0.217,0.112,0.195,0.087,0.175,0.065,0.157,0.044,0.14,0.025,0.125,0.007,0.112,0.008,0.101,0.021,0.093,0.033,0.086,0.042,0.082,0.05,0.079,0.056,0.078,0.061,0.077,0.064,0.077,0.065,0.076
0.074,0.101,0.075,0.089,0.075,0.075,0.073,0.061,0.07,0.046,0.064,0.032,0.057,0.027,0.048,0.038,0.036,0.057,0.023,0.08,0.007,0.105,0.01,0.132,0.03,0.16,0.051,0.188,0.075,0.217,0.1,0.247,0.127,0.277,0.155,0.307,0.185,0.337,0.216,0.366,0.249,0.395,0.282,0.423,0.315,0.451,0.35,0.477,0.384,0.502,0.418,0.526,0.452,0.549,0.486,0.57,0.519,0.589,0.55,0.606,0.581,0.622,0.61,0.635,0.638,0.647,0.663,0.657,0.687,0.664,0.708,0.669,0.727,0.672,0.743,0.673,0.757,0.672,0.768,0.669,0.776,0.664,0.781,0.657,0.783,0.648,0.783,0.637,0.779,0.625,0.772,0.611,0.763,0.595,0.751,0.579,0.736,0.561,0.718,0.541,0.698,0.521,0.676,0.5,0.652,0.479,0.625,0.457,0.597,0.434,0.568,0.411,0.537,0.388,0.505,0.365,0.472,0.342,0.439,0.32,0.405,0.298,0.371,0.276,0.337,0.254,0.304,0.234,0.271,0.214,0.238,0.195,0.207,0.177,0.176,0.16,0.147,0.144,0.119,0.128,0.092,0.115,0.067,0.102,0.044,0.09,0.022,0.08,0.003,0.07,0.015,0.062,0.031,0.055,0.045,0.049,0.056,0.045,0.067,0.041,0.075,0.038
0.044,0.094,0.043,0.086,0.041,0.079,0.037,0.074,0.032,0.073,0.026,0.075,0.018,0.083,0.008,0.094,0.003,0.109,0.016,0.126,0.031,0.146,0.048,0.167,0.066,0.189,0.086,0.212,0.108,0.235,0.131,0.259,0.156,0.283,0.182,0.307,0.209,0.331,0.237,0.355,0.266,0.378,0.296,0.401,0.327,0.423,0.358,0.444,0.389,0.464,0.42,0.483,0.451,0.5,0.481,0.517,0.511,0.532,0.541,0.546,0.569,0.558,0.596,0.569,0.621,0.578,0.645,0.585,0.667,0.591,0.687,0.595,0.705,0.597,0.721,0.598,0.734,0.597,0.745,0.594,0.754,0.59,0.759,0.584,0.762,0.577,0.763,0.569,0.76,0.559,0.755,0.548,0.748,0.535,0.737,0.522,0.724,0.508,0.709,0.493,0.691,0.477,0.671,0.46,0.648,0.443,0.624,0.426,0.598,0.408,0.571,0.39,0.542,0.372,0.511,0.355,0.48,0.337,0.448,0.32,0.415,0.303,0.382,0.286,0.349,0.27,0.316,0.255,0.283,0.24,0.25,0.227,0.218,0.214,0.187,0.202,0.157,0.19,0.128,0.18,0.1,0.17,0.074,0.162,0.049,0.154,0.026,0.146,0.004,0.139,0.016,0.133,0.033,0.127,0.049,0.122,0.063,0.117,0.075,0.112,0.086,0.107
0.012,0.067,0.004,0.072,0.004,0.081,0.014,0.093,0.026,0.107,0.039,0.123,0.053,0.141,0.069,0.159,0.086,0.179,0.105,0.199,0.125,0.219,0.146,0.24,0.169,0.261,0.192,0.281,0.217,0.302,0.243,0.323,0.269,0.343,0.296,0.362,0.324,0.381,0.352,0.4,0.38,0.417,0.409,0.434,0.437,0.45,0.465,0.465,0.493,0.478,0.519,0.491,0.545,0.502,0.57,0.512,0.594,0.521,0.617,0.529,0.638,0.535,0.657,0.54,0.675,0.543,0.69,0.545,0.704,0.546,0.715,0.545,0.725,0.543,0.732,0.54,0.736,0.535,0.738,0.529,0.738,0.522,0.735,0.514,0.73,0.505,0.722,0.495,0.712,0.483,0.699,0.472,0.685,0.459,0.668,0.445,0.649,0.432,0.628,0.417,0.605,0.402,0.58,0.387,0.554,0.372,0.527,0.356,0.498,0.341,0.469,0.325,0.438,0.31,0.407,0.295,0.375,0.28,0.344,0.266,0.312,0.252,0.28,0.238,0.248,0.225,0.217,0.213,0.187,0.202,0.158,0.191,0.129,0.181,0.101,0.171,0.075,0.163,0.05,0.155,0.027,0.147,0.005,0.14,0.015,0.134,0.033,0.129,0.05,0.123,0.065,0.118,0.078,0.114,0.089,0.109,0.099,0.105,0.107,0.101,0.112,0.097
0.03,0.137,0.041,0.156,0.053,0.175,0.066,0.194,0.08,0.213,0.095,0.233,0.111,0.252,0.128,0.272,0.146,0.291,0.165,0.31,0.185,0.329,0.205,0.347,0.227,0.365,0.249,0.383,0.272,0.4,0.295,0.416,0.319,0.431,0.342,0.445,0.367,0.459,0.391,0.472,0.415,0.483,0.439,0.494,0.462,0.503,0.486,0.512,0.508,0.519,0.53,0.525,0.551,0.529,0.572,0.533,0.591,0.535,0.609,0.536,0.626,0.536,0.641,0.534,0.655,0.531,0.667,0.527,0.677,0.522,0.686,0.516,0.693,0.509,0.698,0.5,0.701,0.491,0.702,0.48,0.702,0.469,0.699,0.456,0.694,0.443,0.687,0.43,0.678,0.415,0.667,0.401,0.655,0.385,0.64,0.369,0.624,0.353,0.606,0.337,0.586,0.32,0.565,0.303,0.543,0.286,0.519,0.27,0.494,0.253,0.468,0.236,0.442,0.22,0.415,0.204,0.387,0.188,0.358,0.173,0.33,0.158,0.301,0.144,0.272,0.131,0.244,0.117,0.216,0.105,0.188,0.093,0.161,0.082,0.135,0.072,0.11,0.062,0.085,0.053,0.062,0.045,0.04,0.038,0.019,0.031,0,0.025,0.018,0.021,0.035,0.016,0.049,0.013,0.063,0.011,0.075,0.01,0.085,0.009,0.093,0.009
0.06,0.328,0.07,0.341,0.082,0.354,0.095,0.366,0.108,0.378,0.122,0.39,0.136,0.401,0.152,0.411,0.168,0.421,0.185,0.431,0.202,0.44,0.22,0.448,0.238,0.456,0.257,0.463,0.276,0.469,0.296,0.475,0.316,0.48,0.336,0.485,0.356,0.488,0.376,0.491,0.396,0.493,0.416,0.494,0.436,0.495,0.455,0.495,0.474,0.494,0.492,0.492,0.51,0.489,0.528,0.486,0.544,0.482,0.56,0.478,0.575,0.472,0.588,0.466,0.601,0.46,0.613,0.452,0.623,0.444,0.632,0.436,0.64,0.427,0.646,0.417,0.651,0.407,0.654,0.397,0.656,0.386,0.657,0.374,0.656,0.362,0.653,0.35,0.649,0.338,0.643,0.325,0.636,0.313,0.627,0.3,0.617,0.287,0.605,0.273,0.592,0.26,0.578,0.247,0.562,0.234,0.545,0.22,0.527,0.207,0.508,0.194,0.487,0.182,0.466,0.169,0.445,0.157,0.422,0.145,0.399,0.133,0.375,0.122,0.351,0.111,0.327,0.101,0.302,0.091,0.277,0.081,0.253,0.073,0.228,0.065,0.204,0.057,0.181,0.051,0.157,0.045,0.134,0.041,0.112,0.038,0.091,0.036,0.07,0.036,0.051,0.036,0.032,0.037,0.014,0.039,0.003,0.041,0.018,0.043,0.032,0.044
0.204,0.279,0.218,0.283,0.232,0.287,0.247,0.291,0.263,0.294,0.278,0.298,0.294,0.301,0.31,0.304,0.326,0.306,0.342,0.309,0.359,0.311,0.375,0.314,0.391,0.316,0.407,0.317,0.423,0.319,0.439,0.32,0.454,0.322,0.47,0.323,0.484,0.323,0.498,0.324,0.512,0.324,0.525,0.325,0.538,0.325,0.549,0.325,0.56,0.324,0.57,0.324,0.58,0.323,0.588,0.322,0.595,0.321,0.602,0.32,0.607,0.319,0.611,0.317,0.614,0.315,0.616,0.314,0.617,0.311,0.617,0.309,0.615,0.307,0.612,0.305,0.609,0.302,0.603,0.299,0.597,0.296,0.59,0.294,0.581,0.29,0.571,0.287,0.56,0.284,0.548,0.281,0.535,0.277,0.521,0.274,0.506,0.27,0.49,0.266,0.474,0.262,0.456,0.259,0.438,0.255,0.419,0.251,0.399,0.247,0.379,0.243,0.359,0.239,0.338,0.234,0.317,0.23,0.296,0.226,0.274,0.222,0.253,0.218,0.231,0.213,0.21,0.209,0.189,0.205,0.168,0.201,0.147,0.197,0.127,0.192,0.107,0.188,0.088,0.184,0.069,0.18,0.051,0.176,0.033,0.172,0.017,0.168,0.001,0.164,0.014,0.16,0.028,0.156,0.041,0.152,0.053,0.148,0.064,0.145,0.074,0.141
0.131,0.132,0.13,0.132,0.128,0.13,0.123,0.126,0.116,0.119,0.106,0.109,0.094,0.098,0.079,0.083,0.061,0.067,0.041,0.05,0.018,0.034,0.008,0.03,0.035,0.045,0.065,0.071,0.097,0.101,0.131,0.133,0.166,0.168,0.203,0.204,0.24,0.241,0.279,0.28,0.318,0.319,0.358,0.358,0.398,0.397,0.437,0.437,0.476,0.475,0.513,0.513,0.55,0.55,0.585,0.585,0.619,0.618,0.65,0.649,0.679,0.678,0.706,0.705,0.73,0.729,0.751,0.75,0.769,0.768,0.784,0.783,0.796,0.795,0.804,0.803,0.809,0.808,0.811,0.81,0.809,0.808,0.804,0.803,0.796,0.795,0.784,0.783,0.77,0.769,0.752,0.751,0.732,0.731,0.709,0.709,0.684,0.684,0.657,0.656,0.627,0.627,0.597,0.597,0.565,0.565,0.531,0.532,0.497,0.498,0.463,0.463,0.428,0.428,0.393,0.394,0.358,0.359,0.323,0.325,0.29,0.291,0.257,0.259,0.225,0.227,0.194,0.197,0.165,0.169,0.138,0.142,0.112,0.117,0.088,0.094,0.066,0.073,0.046,0.056,0.028,0.041,0.012,0.032,0.003,0.029,0.015,0.031,0.025,0.036,0.033,0.041,0.04,0.046,0.044,0.05,0.048,0.052,0.049,0.053,0.05,0.053
0.111,0.185,0.108,0.185,0.103,0.182,0.096,0.177,0.086,0.17,0.074,0.159,0.059,0.146,0.042,0.13,0.022,0.111,0,0.09,0.025,0.067,0.052,0.043,0.081,0.025,0.112,0.036,0.144,0.065,0.179,0.098,0.214,0.134,0.251,0.172,0.289,0.211,0.327,0.251,0.366,0.291,0.404,0.332,0.443,0.372,0.48,0.412,0.517,0.451,0.553,0.49,0.587,0.527,0.62,0.562,0.65,0.596,0.679,0.627,0.705,0.656,0.728,0.683,0.748,0.707,0.766,0.728,0.78,0.746,0.791,0.761,0.799,0.772,0.804,0.781,0.805,0.786,0.803,0.788,0.797,0.787,0.788,0.782,0.777,0.775,0.762,0.764,0.744,0.751,0.723,0.735,0.7,0.716,0.675,0.696,0.647,0.673,0.618,0.648,0.587,0.621,0.555,0.593,0.521,0.564,0.487,0.534,0.452,0.504,0.417,0.473,0.382,0.441,0.347,0.41,0.312,0.379,0.278,0.348,0.245,0.318,0.213,0.289,0.183,0.261,0.154,0.234,0.126,0.209,0.1,0.184,0.076,0.162,0.054,0.141,0.034,0.121,0.016,0.104,0,0.088,0.014,0.073,0.026,0.061,0.036,0.05,0.044,0.042,0.05,0.034,0.055,0.029,0.057,0.025,0.059,0.023,0.058,0.021,0.057,0.021
0.082,0.194,0.076,0.192,0.068,0.187,0.057,0.179,0.044,0.169,0.028,0.156,0.011,0.141,0.01,0.123,0.032,0.103,0.057,0.082,0.084,0.06,0.113,0.04,0.143,0.035,0.175,0.052,0.209,0.08,0.244,0.112,0.279,0.146,0.316,0.182,0.352,0.219,0.389,0.256,0.426,0.293,0.462,0.331,0.497,0.368,0.532,0.404,0.565,0.439,0.597,0.474,0.627,0.507,0.654,0.538,0.68,0.568,0.703,0.595,0.723,0.621,0.741,0.644,0.755,0.664,0.767,0.682,0.775,0.697,0.78,0.71,0.782,0.72,0.781,0.727,0.776,0.731,0.769,0.732,0.758,0.731,0.744,0.727,0.727,0.72,0.708,0.711,0.686,0.7,0.662,0.687,0.635,0.671,0.607,0.654,0.577,0.635,0.546,0.615,0.513,0.593,0.48,0.57,0.446,0.547,0.411,0.522,0.377,0.497,0.342,0.472,0.308,0.447,0.275,0.422,0.242,0.396,0.211,0.372,0.18,0.347,0.151,0.323,0.124,0.3,0.098,0.278,0.074,0.257,0.052,0.236,0.032,0.217,0.014,0.198,0.002,0.181,0.017,0.164,0.029,0.148,0.039,0.134,0.047,0.12,0.053,0.107,0.058,0.095,0.061,0.084,0.062,0.074,0.062,0.065,0.06,0.056,0.058,0.049,0.054,0.042
0.102,0.151,0.094,0.148,0.084,0.144,0.072,0.138,0.057,0.132,0.04,0.125,0.02,0.118,0.002,0.113,0.026,0.11,0.053,0.111,0.081,0.117,0.111,0.128,0.143,0.144,0.177,0.164,0.212,0.187,0.247,0.212,0.284,0.24,0.321,0.269,0.359,0.3,0.396,0.331,0.434,0.362,0.47,0.394,0.506,0.425,0.541,0.456,0.574,0.486,0.606,0.515,0.636,0.543,0.664,0.569,0.689,0.594,0.712,0.617,0.732,0.638,0.75,0.657,0.764,0.674,0.776,0.688,0.784,0.7,0.789,0.709,0.791,0.716,0.789,0.72,0.785,0.722,0.777,0.721,0.767,0.718,0.753,0.712,0.737,0.703,0.718,0.692,0.696,0.68,0.672,0.665,0.647,0.648,0.619,0.629,0.59,0.609,0.559,0.587,0.527,0.565,0.494,0.541,0.461,0.517,0.427,0.492,0.393,0.466,0.359,0.441,0.326,0.415,0.293,0.39,0.261,0.366,0.229,0.342,0.199,0.319,0.17,0.297,0.143,0.277,0.117,0.258,0.093,0.24,0.07,0.224,0.05,0.21,0.031,0.197,0.014,0.186,0.001,0.177,0.014,0.168,0.025,0.161,0.034,0.155,0.042,0.149,0.047,0.144,0.051,0.139,0.054,0.134,0.055,0.129,0.055,0.123,0.054,0.118,0.051,0.112
0.109,0.115,0.106,0.11,0.101,0.103,0.094,0.094,0.084,0.084,0.072,0.073,0.057,0.063,0.041,0.054,0.022,0.05,0,0.055,0.023,0.067,0.049,0.086,0.077,0.108,0.107,0.133,0.138,0.16,0.171,0.188,0.205,0.217,0.24,0.248,0.276,0.279,0.312,0.31,0.349,0.342,0.386,0.373,0.423,0.404,0.46,0.435,0.496,0.465,0.53,0.494,0.564,0.522,0.596,0.549,0.626,0.574,0.655,0.597,0.681,0.619,0.705,0.639,0.726,0.657,0.745,0.673,0.761,0.687,0.774,0.698,0.784,0.707,0.791,0.713,0.794,0.717,0.795,0.719,0.792,0.718,0.787,0.715,0.778,0.709,0.766,0.702,0.752,0.692,0.735,0.68,0.715,0.665,0.693,0.649,0.669,0.632,0.643,0.612,0.615,0.592,0.585,0.569,0.554,0.546,0.523,0.522,0.49,0.497,0.456,0.471,0.423,0.445,0.389,0.418,0.355,0.392,0.321,0.365,0.288,0.339,0.256,0.313,0.225,0.287,0.194,0.263,0.165,0.239,0.138,0.217,0.112,0.195,0.087,0.175,0.065,0.157,0.044,0.14,0.025,0.125,0.007,0.112,0.008,0.101,0.021,0.093,0.033,0.086,0.042,0.082,0.05,0.079,0.056,0.078,0.061,0.077,0.064,0.077,0.065,0.076
0.074,0.101,0.075,0.089,0.075,0.075,0.073,0.061,0.07,0.046,0.064,0.032,0.057,0.027,0.048,0.038,0.036,0.057,0.023,0.08,0.007,0.105,0.01,0.132,0.03,0.16,0.051,0.188,0.075,0.217,0.1,0.247,0.127,0.277,0.155,0.307,0.185,0.337,0.216,0.366,0.249,0.395,0.282,0.423,0.315,0.451,0.35,0.477,0.384,0.502,0.418,0.526,0.452,0.549,0.486,0.57,0.519,0.589,0.55,0.606,0.581,0.622,0.61,0.635,0.638,0.647,0.663,0.657,0.687,0.664,0.708,0.669,0.727,0.672,0.743,0.673,0.757,0.672,0.768,0.669,0.776,0.664,0.781,0.657,0.783,0.648,0.783,0.637,0.779,0.625,0.772,0.611,0.763,0.595,0.751,0.579,0.736,0.561,0.718,0.541,0.698,0.521,0.676,0.5,0.652,0.479,0.625,0.457,0.597,0.434,0.568,0.411,0.537,0.388,0.505,0.365,0.472,0.342,0.439,0.32,0.405,0.298,0.371,0.276,0.337,0.254,0.304,0.234,0.271,0.214,0.238,0.195,0.207,0.177,0.176,0.16,0.147,0.144,0.119,0.128,0.092,0.115,0.067,0.102,0.044,0.09,0.022,0.08,0.003,0.07,0.015,0.062,0.031,0.055,0.045,0.049,0.056,0.045,0.067,0.041,0.075,0.038
0.044,0.094,0.043,0.086,0.041,0.079,0.037,0.074,0.032,0.073,0.026,0.075,0.018,0.083,0.008,0.094,0.003,0.109,0.016,0.126,0.031,0.146,0.048,0.167,0.066,0.189,0.086,0.212,0.108,0.235,0.131,0.259,0.156,0.283,0.182,0.307,0.209,0.331,0.237,0.355,0.266,0.378,0.296,0.401,0.327,0.423,0.358,0.444,0.389,0.464,0.42,0.483,0.451,0.5,0.481,0.517,0.511,0.532,0.541,0.546,0.569,0.558,0.596,0.569,0.621,0.578,0.645,0.585,0.667,0.591,0.687,0.595,0.705,0.597,0.721,0.598,0.734,0.597,0.745,0.594,0.754,0.59,0.759,0.584,0.762,0.577,0.763,0.569,0.76,0.559,0.755,0.548,0.748,0.535,0.737,0.522,0.724,0.508,0.709,0.493,0.691,0.477,0.671,0.46,0.648,0.443,0.624,0.426,0.598,0.408,0.571,0.39,0.542,0.372,0.511,0.355,0.48,0.337,0.448,0.32,0.415,0.303,0.382,0.286,0.349,0.27,0.316,0.255,0.283,0.24,0.25,0.227,0.218,0.214,0.187,0.202,0.157,0.19,0.128,0.18,0.1,0.17,0.074,0.162,0.049,0.154,0.026,0.146,0.004,0.139,0.016,0.133,0.033,0.127,0.049,0.122,0.063,0.117,0.075,0.112,0.086,0.107
0.012,0.067,0.004,0.072,0.004,0.081,0.014,0.093,0.026,0.107,0.039,0.123,0.053,0.141,0.069,0.159,0.086,0.179,0.105,0.199,0.125,0.219,0.146,0.24,0.169,0.261,0.192,0.281,0.217,0.302,0.243,0.323,0.269,0.343,0.296,0.362,0.324,0.381,0.352,0.4,0.38,0.417,0.409,0.434,0.437,0.45,0.465,0.465,0.493,0.478,0.519,0.491,0.545,0.502,0.57,0.512,0.594,0.521,0.617,0.529,0.638,0.535,0.657,0.54,0.675,0.543,0.69,0.545,0.704,0.546,0.715,0.545,0.725,0.543,0.732,0.54,0.736,0.535,0.738,0.529,0.738,0.522,0.735,0.514,0.73,0.505,0.722,0.495,0.712,0.483,0.699,0.472,0.685,0.459,0.668,0.445,0.649,0.432,0.628,0.417,0.605,0.402,0.58,0.387,0.554,0.372,0.527,0.356,0.498,0.341,0.469,0.325,0.438,0.31,0.407,0.295,0.375,0.28,0.344,0.266,0.312,0.252,0.28,0.238,0.248,0.225,0.217,0.213,0.187,0.202,0.158,0.191,0.129,0.181,0.101,0.171,0.075,0.163,0.05,0.155,0.027,0.147,0.005,0.14,0.015,0.134,0.033,0.129,0.05,0.123,0.065,0.118,0.078,0.114,0.089,0.109,0.099,0.105,0.107,0.101,0.112,0.097
0.03,0.137,0.041,0.156,0.053,0.175,0.066,0.194,0.08,0.213,0.095,0.233,0.111,0.252,0.128,0.272,0.146,0.291,0.165,0.31,0.185,0.329,0.205,0.347,0.227,0.365,0.249,0.383,0.272,0.4,0.295,0.416,0.319,0.431,0.342,0.445,0.367,0.459,0.391,0.472,0.415,0.483,0.439,0.494,0.462,0.503,0.486,0.512,0.508,0.519,0.53,0.525,0.551,0.529,0.572,0.533,0.591,0.535,0.609,0.536,0.626,0.536,0.641,0.534,0.655,0.531,0.667,0.527,0.677,0.522,0.686,0.516,0.693,0.509,0.698,0.5,0.701,0.491,0.702,0.48,0.702,0.469,0.699,0.456,0.694,0.443,0.687,0.43,0.678,0.415,0.667,0.401,0.655,0.385,0.64,0.369,0.624,0.353,0.606,0.337,0.586,0.32,0.565,0.303,0.543,0.286,0.519,0.27,0.494,0.253,0.468,0.236,0.442,0.22,0.415,0.204,0.387,0.188,0.358,0.173,0.33,0.158,0.301,0.144,0.272,0.131,0.244,0.117,0.216,0.105,0.188,0.093,0.161,0.082,0.135,0.072,0.11,0.062,0.085,0.053,0.062,0.045,0.04,0.038,0.019,0.031,0,0.025,0.018,0.021,0.035,0.016,0.049,0.013,0.063,0.011,0.075,0.01,0.085,0.009,0.093,0.009
0.06,0.328,0.07,0.341,0.082,0.354,0.095,0.366,0.108,0.378,0.122,0.39,0.136,0.401,0.152,0.411,0.168,0.421,0.185,0.431,0.202,0.44,0.22,0.448,0.238,0.456,0.257,0.463,0.276,0.469,0.296,0.475,0.316,0.48,0.336,0.485,0.356,0.488,0.376,0.491,0.396,0.493,0.416,0.494,0.436,0.495,0.455,0.495,0.474,0.494,0.492,0.492,0.51,0.489,0.528,0.486,0.544,0.482,0.56,0.478,0.575,0.472,0.588,0.466,0.601,0.46,0.613,0.452,0.623,0.444,0.632,0.436,0.64,0.427,0.646,0.417,0.651,0.407,0.654,0.397,0.656,0.386,0.657,0.374,0.656,0.362,0.653,0.35,0.649,0.338,0.643,0.325,0.636,0.313,0.627,0.3,0.617,0.287,0.605,0.273,0.592,0.26,0.578,0.247,0.562,0.234,0.545,0.22,0.527,0.207,0.508,0.194,0.487,0.182,0.466,0.169,0.445,0.157,0.422,0.145,0.399,0.133,0.375,0.122,0.351,0.111,0.327,0.101,0.302,0.091,0.277,0.081,0.253,0.073,0.228,0.065,0.204,0.057,0.181,0.051,0.157,0.045,0.134,0.041,0.112,0.038,0.091,0.036,0.07,0.036,0.051,0.036,0.032,0.037,0.014,0.039,0.003,0.041,0.018,0.043,0.032,0.044
0.204,0.279,0.218,0.283,0.232,0.287,0.247,0.291,0.263,0.294,0.278,0.298,0.294,0.301,0.31,0.304,0.326,0.306,0.342,0.309,0.359,0.311,0.375,0.314,0.391,0.316,0.407,0.317,0.423,0.319,0.439,0.32,0.454,0.322,0.47,0.323,0.484,0.323,0.498,0.324,0.512,0.324,0.525,0.325,0.538,0.325,0.549,0.325,0.56,0.324,0.57,0.324,0.58,0.323,0.588,0.322,0.595,0.321,0.602,0.32,0.607,0.319,0.611,0.317,0.614,0.315,0.616,0.314,0.617,0.311,0.617,0.309,0.615,0.307,0.612,0.305,0.609,0.302,0.603,0.299,0.597,0.296,0.59,0.294,0.581,0.29,0.571,0.287,0.56,0.284,0.548,0.281,0.535,0.277,0.521,0.274,0.506,0.27,0.49,0.266,0.474,0.262,0.456,0.259,0.438,0.255,0.419,0.251,0.399,0.247,0.379,0.243,0.359,0.239,0.338,0.234,0.317,0.23,0.296,0.226,0.274,0.222,0.253,0.218,0.231,0.213,0.21,0.209,0.189,0.205,0.168,0.201,0.147,0.197,0.127,0.192,0.107,0.188,0.088,0.184,0.069,0.18,0.051,0.176,0.033,0.172,0.017,0.168,0.001,0.164,0.014,0.16,0.028,0.156,0.041,0.152,0.053,0.148,0.064,0.145,0.074,0.141
0.131,0.131,0.131,0.131,0.128,0.129,0.124,0.124,0.116,0.117,0.106,0.107,0.094,0.095,0.079,0.08,0.061,0.063,0.041,0.043,0.018,0.023,0.007,0.016,0.035,0.038,0.065,0.066,0.097,0.098,0.131,0.131,0.166,0.166,0.203,0.203,0.24,0.241,0.279,0.279,0.319,0.319,0.358,0.358,0.398,0.398,0.437,0.437,0.476,0.476,0.514,0.514,0.551,0.55,0.586,0.586,0.619,0.619,0.651,0.65,0.68,0.68,0.707,0.706,0.731,0.73,0.752,0.752,0.77,0.77,0.785,0.785,0.797,0.796,0.805,0.805,0.81,0.81,0.812,0.811,0.81,0.81,0.805,0.804,0.796,0.796,0.785,0.784,0.77,0.77,0.752,0.752,0.732,0.732,0.709,0.709,0.684,0.684,0.657,0.657,0.628,0.628,0.597,0.597,0.565,0.565,0.531,0.531,0.497,0.497,0.463,0.463,0.428,0.428,0.392,0.393,0.358,0.358,0.323,0.324,0.289,0.29,0.257,0.257,0.225,0.225,0.194,0.195,0.165,0.166,0.138,0.139,0.112,0.113,0.088,0.089,0.066,0.068,0.046,0.048,0.027,0.031,0.011,0.019,0.003,0.015,0.015,0.02,0.025,0.028,0.033,0.036,0.04,0.042,0.045,0.046,0.048,0.049,0.05,0.05,0.05,0.051
0.113,0.18,0.11,0.18,0.105,0.177,0.097,0.172,0.087,0.164,0.075,0.153,0.059,0.14,0.042,0.123,0.022,0.105,0.001,0.083,0.026,0.059,0.053,0.032,0.083,0.009,0.114,0.031,0.147,0.063,0.182,0.098,0.218,0.135,0.255,0.173,0.293,0.212,0.331,0.252,0.37,0.292,0.408,0.333,0.447,0.373,0.485,0.413,0.522,0.453,0.557,0.491,0.591,0.528,0.624,0.563,0.654,0.597,0.683,0.628,0.708,0.658,0.731,0.684,0.752,0.708,0.769,0.729,0.783,0.747,0.794,0.762,0.801,0.774,0.805,0.783,0.806,0.788,0.804,0.79,0.798,0.789,0.789,0.784,0.776,0.777,0.761,0.767,0.743,0.753,0.722,0.738,0.699,0.719,0.673,0.698,0.645,0.675,0.616,0.651,0.585,0.624,0.552,0.596,0.519,0.567,0.484,0.537,0.449,0.507,0.414,0.475,0.379,0.444,0.344,0.413,0.309,0.381,0.275,0.351,0.243,0.321,0.211,0.292,0.18,0.263,0.151,0.236,0.124,0.211,0.098,0.186,0.074,0.163,0.053,0.142,0.033,0.123,0.015,0.105,0.001,0.088,0.015,0.074,0.027,0.061,0.036,0.05,0.044,0.04,0.05,0.032,0.055,0.025,0.057,0.019,0.059,0.014,0.058,0.01,0.057,0.008
0.084,0.189,0.078,0.188,0.069,0.184,0.058,0.178,0.044,0.169,0.028,0.158,0.01,0.145,0.011,0.13,0.034,0.113,0.059,0.094,0.086,0.076,0.115,0.06,0.146,0.053,0.178,0.061,0.212,0.082,0.247,0.109,0.283,0.14,0.319,0.173,0.356,0.208,0.393,0.244,0.43,0.28,0.466,0.316,0.501,0.353,0.536,0.389,0.569,0.424,0.6,0.458,0.63,0.491,0.657,0.523,0.683,0.553,0.705,0.581,0.726,0.607,0.743,0.631,0.757,0.652,0.768,0.671,0.776,0.688,0.781,0.702,0.783,0.713,0.781,0.721,0.776,0.727,0.768,0.73,0.757,0.73,0.743,0.727,0.726,0.722,0.706,0.715,0.684,0.705,0.66,0.693,0.633,0.679,0.605,0.664,0.575,0.646,0.543,0.627,0.511,0.607,0.477,0.585,0.443,0.562,0.409,0.539,0.375,0.515,0.34,0.491,0.306,0.466,0.273,0.442,0.241,0.417,0.209,0.393,0.179,0.369,0.15,0.345,0.123,0.323,0.098,0.3,0.074,0.279,0.052,0.259,0.032,0.239,0.014,0.22,0.002,0.202,0.016,0.185,0.028,0.169,0.037,0.154,0.046,0.14,0.052,0.126,0.056,0.113,0.059,0.101,0.06,0.089,0.06,0.079,0.058,0.068,0.056,0.059,0.052,0.049
0.103,0.149,0.095,0.148,0.085,0.146,0.072,0.143,0.057,0.139,0.039,0.134,0.019,0.129,0.003,0.124,0.028,0.121,0.054,0.12,0.083,0.122,0.114,0.128,0.146,0.138,0.179,0.152,0.214,0.171,0.25,0.192,0.287,0.216,0.324,0.243,0.362,0.27,0.399,0.299,0.437,0.329,0.473,0.36,0.509,0.39,0.544,0.421,0.577,0.451,0.608,0.481,0.638,0.509,0.666,0.537,0.691,0.563,0.714,0.588,0.734,0.611,0.751,0.632,0.765,0.651,0.776,0.668,0.784,0.682,0.789,0.695,0.791,0.704,0.789,0.712,0.785,0.716,0.777,0.719,0.766,0.718,0.752,0.715,0.736,0.71,0.717,0.702,0.695,0.692,0.672,0.68,0.646,0.666,0.618,0.649,0.589,0.632,0.558,0.612,0.527,0.591,0.494,0.569,0.461,0.546,0.427,0.522,0.393,0.498,0.36,0.473,0.326,0.448,0.293,0.423,0.261,0.398,0.23,0.374,0.2,0.351,0.171,0.329,0.144,0.307,0.118,0.287,0.094,0.269,0.072,0.252,0.052,0.237,0.033,0.223,0.016,0.211,0.001,0.2,0.012,0.191,0.023,0.183,0.032,0.176,0.039,0.17,0.045,0.164,0.049,0.159,0.052,0.154,0.053,0.149,0.053,0.144,0.052,0.138,0.05,0.132
0.112,0.11,0.109,0.109,0.104,0.105,0.096,0.1,0.087,0.093,0.075,0.085,0.06,0.075,0.043,0.065,0.024,0.054,0.003,0.045,0.021,0.04,0.047,0.045,0.075,0.059,0.104,0.078,0.136,0.1,0.169,0.125,0.203,0.152,0.238,0.18,0.274,0.209,0.311,0.239,0.348,0.269,0.385,0.3,0.422,0.332,0.458,0.363,0.494,0.394,0.529,0.425,0.563,0.455,0.595,0.484,0.626,0.513,0.654,0.54,0.68,0.566,0.704,0.59,0.726,0.613,0.745,0.634,0.761,0.652,0.774,0.669,0.784,0.684,0.791,0.696,0.794,0.706,0.795,0.714,0.793,0.719,0.787,0.722,0.779,0.722,0.767,0.72,0.753,0.716,0.736,0.709,0.717,0.7,0.695,0.688,0.671,0.675,0.645,0.66,0.617,0.643,0.587,0.624,0.557,0.603,0.525,0.581,0.492,0.558,0.459,0.534,0.425,0.509,0.391,0.483,0.358,0.456,0.324,0.429,0.291,0.402,0.259,0.375,0.228,0.348,0.198,0.321,0.169,0.295,0.141,0.269,0.115,0.244,0.091,0.22,0.068,0.198,0.047,0.176,0.028,0.157,0.011,0.138,0.004,0.122,0.018,0.108,0.029,0.097,0.039,0.088,0.047,0.081,0.053,0.077,0.058,0.075,0.061,0.075,0.063,0.075
0.074,0.122,0.076,0.118,0.076,0.112,0.075,0.105,0.072,0.095,0.067,0.084,0.06,0.072,0.051,0.057,0.041,0.041,0.028,0.024,0.013,0.01,0.004,0.022,0.023,0.043,0.044,0.067,0.067,0.092,0.092,0.119,0.119,0.146,0.147,0.174,0.176,0.203,0.207,0.233,0.239,0.263,0.272,0.292,0.306,0.322,0.34,0.352,0.374,0.381,0.408,0.41,0.443,0.438,0.476,0.465,0.509,0.491,0.541,0.516,0.572,0.54,0.602,0.562,0.63,0.582,0.656,0.601,0.68,0.618,0.702,0.633,0.721,0.646,0.738,0.657,0.753,0.666,0.764,0.673,0.773,0.677,0.779,0.68,0.782,0.68,0.782,0.678,0.779,0.674,0.773,0.668,0.765,0.66,0.753,0.651,0.739,0.639,0.722,0.626,0.703,0.611,0.681,0.594,0.658,0.576,0.632,0.557,0.604,0.537,0.575,0.516,0.545,0.494,0.514,0.471,0.481,0.448,0.448,0.424,0.415,0.4,0.381,0.376,0.347,0.352,0.314,0.328,0.28,0.304,0.248,0.28,0.216,0.257,0.186,0.235,0.156,0.213,0.128,0.192,0.101,0.172,0.076,0.152,0.052,0.134,0.031,0.117,0.011,0.1,0.008,0.085,0.024,0.072,0.038,0.059,0.05,0.048,0.061,0.038,0.07,0.031
0.042,0.116,0.042,0.114,0.041,0.11,0.038,0.104,0.035,0.098,0.029,0.09,0.022,0.08,0.014,0.07,0.003,0.058,0.009,0.046,0.022,0.034,0.038,0.024,0.055,0.024,0.074,0.035,0.094,0.052,0.116,0.072,0.14,0.093,0.165,0.115,0.191,0.138,0.219,0.162,0.247,0.186,0.276,0.211,0.306,0.236,0.337,0.262,0.368,0.287,0.399,0.312,0.43,0.337,0.46,0.362,0.491,0.386,0.52,0.41,0.549,0.432,0.576,0.454,0.602,0.475,0.627,0.495,0.65,0.513,0.671,0.53,0.691,0.546,0.708,0.561,0.723,0.573,0.735,0.585,0.745,0.594,0.752,0.602,0.757,0.608,0.759,0.613,0.758,0.615,0.755,0.616,0.749,0.615,0.74,0.613,0.729,0.609,0.715,0.603,0.699,0.596,0.68,0.587,0.659,0.576,0.637,0.565,0.612,0.552,0.585,0.537,0.557,0.522,0.528,0.506,0.498,0.489,0.466,0.471,0.434,0.452,0.402,0.433,0.369,0.413,0.336,0.393,0.303,0.373,0.27,0.353,0.238,0.333,0.207,0.313,0.176,0.293,0.147,0.273,0.118,0.254,0.091,0.236,0.066,0.218,0.042,0.201,0.02,0.185,0.001,0.169,0.02,0.155,0.037,0.142,0.052,0.13,0.065,0.119,0.076,0.109
0.017,0.103,0.011,0.099,0.004,0.093,0.004,0.086,0.014,0.078,0.025,0.069,0.037,0.06,0.051,0.049,0.067,0.037,0.084,0.024,0.102,0.012,0.122,0.01,0.143,0.024,0.165,0.04,0.188,0.058,0.213,0.076,0.238,0.095,0.264,0.115,0.291,0.135,0.319,0.156,0.347,0.177,0.375,0.199,0.403,0.221,0.432,0.243,0.459,0.264,0.487,0.286,0.514,0.308,0.54,0.329,0.565,0.35,0.589,0.37,0.612,0.39,0.633,0.409,0.652,0.428,0.67,0.445,0.686,0.462,0.7,0.477,0.712,0.492,0.721,0.505,0.728,0.517,0.733,0.528,0.736,0.538,0.736,0.546,0.733,0.553,0.728,0.558,0.721,0.562,0.711,0.564,0.699,0.566,0.684,0.565,0.668,0.563,0.649,0.56,0.628,0.556,0.606,0.55,0.582,0.543,0.556,0.534,0.529,0.525,0.5,0.514,0.471,0.502,0.44,0.49,0.409,0.476,0.378,0.462,0.346,0.447,0.314,0.431,0.283,0.414,0.251,0.398,0.22,0.38,0.19,0.363,0.16,0.345,0.132,0.327,0.104,0.309,0.078,0.292,0.053,0.274,0.03,0.256,0.008,0.239,0.013,0.223,0.031,0.206,0.048,0.191,0.063,0.176,0.076,0.161,0.087,0.148,0.097,0.135,0.105,0.123
0.014,0.102,0.022,0.099,0.032,0.096,0.043,0.092,0.055,0.089,0.068,0.086,0.082,0.083,0.097,0.082,0.113,0.082,0.13,0.084,0.148,0.088,0.168,0.094,0.188,0.102,0.209,0.112,0.23,0.123,0.253,0.136,0.275,0.15,0.299,0.165,0.323,0.181,0.347,0.197,0.371,0.214,0.395,0.231,0.42,0.249,0.444,0.267,0.467,0.285,0.491,0.303,0.513,0.32,0.535,0.338,0.556,0.355,0.576,0.372,0.596,0.389,0.613,0.405,0.63,0.42,0.645,0.434,0.658,0.448,0.67,0.461,0.681,0.473,0.689,0.484,0.695,0.494,0.7,0.503,0.703,0.511,0.703,0.518,0.702,0.523,0.698,0.528,0.693,0.531,0.685,0.533,0.676,0.533,0.665,0.533,0.651,0.531,0.636,0.528,0.619,0.524,0.601,0.518,0.58,0.512,0.559,0.504,0.536,0.496,0.512,0.486,0.486,0.475,0.46,0.464,0.433,0.452,0.405,0.439,0.377,0.425,0.348,0.41,0.319,0.395,0.29,0.38,0.261,0.364,0.233,0.348,0.205,0.331,0.177,0.315,0.15,0.298,0.124,0.281,0.099,0.265,0.074,0.248,0.051,0.232,0.03,0.216,0.009,0.2,0.01,0.185,0.027,0.171,0.044,0.157,0.058,0.143,0.071,0.13,0.082,0.119
0.034,0.054,0.042,0.061,0.052,0.07,0.062,0.08,0.072,0.09,0.084,0.101,0.096,0.112,0.109,0.124,0.123,0.136,0.138,0.148,0.153,0.161,0.169,0.174,0.186,0.187,0.204,0.2,0.221,0.214,0.24,0.228,0.259,0.241,0.278,0.255,0.298,0.269,0.318,0.282,0.338,0.296,0.358,0.309,0.378,0.322,0.398,0.335,0.418,0.348,0.438,0.361,0.458,0.373,0.477,0.385,0.495,0.396,0.513,0.407,0.53,0.418,0.547,0.428,0.563,0.437,0.577,0.446,0.591,0.454,0.604,0.462,0.615,0.469,0.626,0.475,0.634,0.481,0.642,0.486,0.648,0.49,0.653,0.494,0.656,0.497,0.658,0.499,0.658,0.5,0.656,0.501,0.653,0.5,0.649,0.499,0.643,0.498,0.635,0.495,0.626,0.492,0.615,0.488,0.602,0.483,0.589,0.478,0.574,0.472,0.557,0.465,0.54,0.458,0.521,0.45,0.501,0.441,0.48,0.432,0.458,0.422,0.436,0.412,0.413,0.402,0.389,0.391,0.364,0.379,0.34,0.367,0.315,0.355,0.289,0.343,0.264,0.33,0.239,0.317,0.214,0.304,0.19,0.291,0.166,0.277,0.142,0.264,0.119,0.251,0.096,0.237,0.075,0.224,0.054,0.211,0.034,0.198,0.016,0.185,0.002,0.172
0.154,0.118,0.166,0.124,0.179,0.131,0.193,0.137,0.207,0.143,0.221,0.149,0.236,0.155,0.252,0.161,0.267,0.167,0.283,0.173,0.299,0.179,0.316,0.185,0.332,0.191,0.349,0.197,0.365,0.203,0.382,0.208,0.398,0.214,0.415,0.22,0.431,0.225,0.447,0.23,0.463,0.236,0.478,0.241,0.493,0.246,0.507,0.251,0.521,0.255,0.534,0.26,0.546,0.264,0.558,0.269,0.569,0.273,0.579,0.277,0.588,0.281,0.596,0.284,0.603,0.288,0.609,0.291,0.614,0.295,0.618,0.298,0.621,0.3,0.622,0.303,0.623,0.306,0.622,0.308,0.62,0.31,0.617,0.312,0.612,0.314,0.606,0.315,0.599,0.317,0.591,0.318,0.582,0.319,0.571,0.32,0.559,0.321,0.546,0.321,0.533,0.321,0.518,0.321,0.502,0.321,0.485,0.321,0.468,0.321,0.449,0.32,0.43,0.32,0.41,0.319,0.39,0.318,0.369,0.317,0.348,0.315,0.326,0.314,0.304,0.312,0.282,0.31,0.26,0.308,0.238,0.306,0.216,0.304,0.194,0.302,0.172,0.3,0.15,0.297,0.129,0.294,0.108,0.292,0.088,0.289,0.069,0.286,0.05,0.283,0.031,0.28,0.014,0.277,0.003,0.274,0.019,0.27,0.034,0.267,0.048,0.264
0.131,0.132,0.13,0.132,0.128,0.13,0.123,0.126,0.116,0.119,0.106,0.109,0.094,0.098,0.079,0.083,0.061,0.067,0.041,0.05,0.018,0.034,0.008,0.03,0.035,0.045,0.065,0.071,0.097,0.101,0.131,0.133,0.166,0.168,0.203,0.204,0.24,0.241,0.279,0.28,0.318,0.319,0.358,0.358,0.398,0.397,0.437,0.437,0.476,0.475,0.513,0.513,0.55,0.55,0.585,0.585,0.619,0.618,0.65,0.649,0.679,0.678,0.706,0.705,0.73,0.729,0.751,0.75,0.769,0.768,0.784,0.783,0.796,0.795,0.804,0.803,0.809,0.808,0.811,0.81,0.809,0.808,0.804,0.803,0.796,0.795,0.784,0.783,0.77,0.769,0.752,0.751,0.732,0.731,0.709,0.709,0.684,0.684,0.657,0.656,0.627,0.627,0.597,0.597,0.565,0.565,0.531,0.532,0.497,0.498,0.463,0.463,0.428,0.428,0.393,0.394,0.358,0.359,0.323,0.325,0.29,0.291,0.257,0.259,0.225,0.227,0.194,0.197,0.165,0.169,0.138,0.142,0.112,0.117,0.088,0.094,0.066,0.073,0.046,0.056,0.028,0.041,0.012,0.032,0.003,0.029,0.015,0.031,0.025,0.036,0.033,0.041,0.04,0.046,0.044,0.05,0.048,0.052,0.049,0.053,0.05,0.053
0.113,0.178,0.11,0.178,0.105,0.176,0.097,0.171,0.087,0.163,0.074,0.152,0.059,0.139,0.042,0.123,0.021,0.105,0.001,0.083,0.026,0.06,0.054,0.036,0.083,0.02,0.115,0.036,0.148,0.066,0.182,0.1,0.218,0.136,0.256,0.174,0.294,0.213,0.332,0.252,0.371,0.293,0.41,0.333,0.448,0.373,0.486,0.413,0.523,0.452,0.558,0.49,0.592,0.527,0.625,0.563,0.655,0.596,0.683,0.628,0.709,0.657,0.732,0.683,0.752,0.707,0.769,0.728,0.783,0.746,0.794,0.761,0.801,0.773,0.805,0.782,0.806,0.787,0.803,0.789,0.798,0.788,0.788,0.784,0.776,0.777,0.761,0.767,0.742,0.753,0.722,0.738,0.698,0.719,0.672,0.699,0.645,0.676,0.615,0.651,0.584,0.625,0.551,0.597,0.518,0.568,0.483,0.538,0.448,0.508,0.413,0.477,0.378,0.446,0.343,0.414,0.309,0.383,0.275,0.353,0.242,0.323,0.21,0.294,0.18,0.266,0.151,0.239,0.123,0.214,0.098,0.189,0.074,0.167,0.052,0.146,0.032,0.126,0.015,0.109,0.001,0.093,0.015,0.079,0.027,0.066,0.036,0.055,0.044,0.046,0.05,0.038,0.054,0.031,0.057,0.025,0.058,0.02,0.058,0.016,0.056,0.012
0.084,0.187,0.078,0.186,0.069,0.183,0.058,0.177,0.044,0.169,0.028,0.159,0.01,0.147,0.011,0.132,0.034,0.116,0.059,0.099,0.087,0.082,0.116,0.067,0.147,0.06,0.179,0.066,0.213,0.084,0.248,0.109,0.284,0.138,0.32,0.171,0.357,0.204,0.394,0.24,0.431,0.275,0.467,0.311,0.502,0.347,0.536,0.383,0.57,0.418,0.601,0.452,0.631,0.485,0.658,0.517,0.683,0.547,0.706,0.575,0.726,0.602,0.743,0.626,0.757,0.648,0.768,0.667,0.776,0.684,0.781,0.698,0.782,0.71,0.781,0.718,0.776,0.724,0.767,0.728,0.756,0.729,0.742,0.727,0.725,0.722,0.705,0.715,0.683,0.706,0.659,0.695,0.632,0.681,0.604,0.666,0.574,0.649,0.542,0.631,0.51,0.611,0.477,0.589,0.443,0.567,0.408,0.544,0.374,0.521,0.34,0.497,0.306,0.472,0.273,0.448,0.24,0.424,0.209,0.4,0.179,0.376,0.15,0.353,0.123,0.33,0.098,0.308,0.074,0.287,0.052,0.266,0.033,0.247,0.015,0.228,0.001,0.21,0.015,0.193,0.027,0.177,0.037,0.162,0.045,0.147,0.051,0.133,0.055,0.12,0.058,0.108,0.059,0.096,0.059,0.085,0.058,0.074,0.055,0.064,0.051,0.054
0.103,0.148,0.095,0.148,0.085,0.147,0.072,0.144,0.057,0.141,0.039,0.137,0.019,0.132,0.003,0.128,0.028,0.124,0.055,0.123,0.084,0.124,0.114,0.129,0.146,0.138,0.18,0.151,0.215,0.167,0.251,0.187,0.288,0.21,0.325,0.235,0.363,0.262,0.4,0.29,0.437,0.319,0.474,0.349,0.51,0.379,0.544,0.41,0.578,0.44,0.609,0.469,0.639,0.498,0.666,0.526,0.691,0.552,0.714,0.577,0.734,0.601,0.751,0.623,0.765,0.642,0.776,0.66,0.784,0.675,0.789,0.689,0.791,0.699,0.789,0.708,0.784,0.713,0.777,0.716,0.766,0.717,0.752,0.715,0.736,0.711,0.717,0.704,0.695,0.695,0.671,0.684,0.645,0.671,0.618,0.655,0.589,0.638,0.558,0.619,0.526,0.599,0.494,0.578,0.46,0.555,0.427,0.532,0.393,0.507,0.359,0.483,0.326,0.458,0.293,0.433,0.261,0.409,0.23,0.385,0.201,0.362,0.172,0.339,0.145,0.318,0.119,0.297,0.095,0.279,0.073,0.261,0.052,0.246,0.034,0.232,0.017,0.219,0.002,0.208,0.011,0.199,0.022,0.19,0.031,0.183,0.038,0.177,0.044,0.171,0.048,0.166,0.051,0.161,0.052,0.156,0.052,0.15,0.051,0.145,0.049,0.139
0.113,0.107,0.11,0.106,0.105,0.104,0.097,0.1,0.088,0.095,0.075,0.088,0.061,0.079,0.044,0.069,0.025,0.058,0.003,0.048,0.02,0.039,0.046,0.038,0.074,0.047,0.104,0.063,0.135,0.083,0.168,0.106,0.202,0.132,0.237,0.158,0.273,0.187,0.31,0.216,0.347,0.246,0.384,0.277,0.421,0.308,0.458,0.339,0.494,0.37,0.529,0.401,0.562,0.432,0.595,0.462,0.625,0.491,0.654,0.519,0.68,0.546,0.704,0.571,0.726,0.595,0.744,0.618,0.76,0.638,0.774,0.656,0.784,0.673,0.791,0.687,0.794,0.699,0.795,0.709,0.793,0.716,0.787,0.72,0.779,0.723,0.767,0.723,0.753,0.72,0.736,0.715,0.717,0.708,0.695,0.699,0.671,0.687,0.645,0.673,0.617,0.657,0.588,0.64,0.557,0.621,0.526,0.6,0.493,0.578,0.46,0.554,0.426,0.53,0.392,0.504,0.359,0.478,0.325,0.451,0.293,0.424,0.26,0.397,0.229,0.369,0.199,0.342,0.17,0.315,0.143,0.289,0.117,0.263,0.092,0.238,0.07,0.214,0.049,0.191,0.03,0.17,0.012,0.15,0.003,0.132,0.017,0.117,0.028,0.103,0.038,0.092,0.046,0.084,0.052,0.078,0.057,0.075,0.06,0.074,0.062,0.074
0.075,0.122,0.076,0.121,0.077,0.118,0.076,0.113,0.073,0.107,0.068,0.099,0.061,0.089,0.053,0.077,0.042,0.064,0.029,0.05,0.015,0.036,0.002,0.024,0.021,0.024,0.042,0.04,0.065,0.06,0.09,0.084,0.116,0.109,0.144,0.135,0.174,0.163,0.204,0.191,0.236,0.22,0.269,0.249,0.303,0.279,0.337,0.308,0.371,0.338,0.405,0.367,0.439,0.396,0.473,0.425,0.506,0.452,0.538,0.479,0.569,0.504,0.599,0.529,0.627,0.551,0.653,0.573,0.678,0.592,0.7,0.61,0.719,0.626,0.737,0.64,0.751,0.652,0.763,0.663,0.772,0.67,0.778,0.676,0.781,0.68,0.782,0.681,0.779,0.681,0.774,0.678,0.765,0.673,0.754,0.666,0.74,0.657,0.723,0.646,0.704,0.634,0.683,0.62,0.659,0.604,0.634,0.587,0.607,0.568,0.578,0.549,0.548,0.528,0.516,0.506,0.484,0.483,0.451,0.46,0.418,0.436,0.384,0.412,0.35,0.388,0.317,0.363,0.284,0.339,0.251,0.315,0.219,0.291,0.189,0.267,0.159,0.244,0.131,0.221,0.104,0.199,0.079,0.178,0.055,0.158,0.033,0.139,0.013,0.12,0.005,0.103,0.021,0.087,0.036,0.072,0.048,0.058,0.059,0.046,0.068,0.035
0.041,0.114,0.042,0.114,0.041,0.113,0.038,0.111,0.035,0.108,0.03,0.103,0.023,0.097,0.015,0.09,0.005,0.081,0.007,0.071,0.02,0.059,0.035,0.047,0.052,0.033,0.07,0.017,0.09,0.005,0.112,0.019,0.135,0.038,0.16,0.058,0.186,0.079,0.213,0.101,0.241,0.124,0.27,0.148,0.3,0.172,0.33,0.196,0.361,0.222,0.392,0.247,0.423,0.272,0.454,0.298,0.484,0.323,0.513,0.348,0.542,0.372,0.57,0.396,0.596,0.42,0.621,0.442,0.645,0.464,0.666,0.484,0.686,0.504,0.703,0.522,0.719,0.539,0.731,0.554,0.742,0.568,0.75,0.58,0.755,0.591,0.757,0.6,0.757,0.607,0.754,0.613,0.749,0.617,0.741,0.619,0.73,0.619,0.717,0.618,0.701,0.615,0.683,0.61,0.663,0.604,0.64,0.596,0.616,0.587,0.59,0.576,0.562,0.563,0.533,0.55,0.503,0.535,0.472,0.519,0.44,0.503,0.408,0.485,0.375,0.466,0.342,0.447,0.309,0.428,0.277,0.408,0.245,0.387,0.213,0.367,0.183,0.346,0.153,0.325,0.125,0.304,0.097,0.284,0.072,0.264,0.048,0.245,0.025,0.226,0.004,0.207,0.015,0.189,0.032,0.173,0.048,0.157,0.061,0.142,0.073,0.128
0.018,0.109,0.013,0.108,0.007,0.106,0.001,0.103,0.01,0.099,0.021,0.094,0.032,0.089,0.046,0.082,0.061,0.074,0.077,0.065,0.095,0.056,0.114,0.045,0.134,0.034,0.156,0.022,0.179,0.012,0.203,0.016,0.228,0.029,0.254,0.045,0.281,0.062,0.308,0.08,0.336,0.099,0.364,0.118,0.392,0.138,0.42,0.159,0.448,0.18,0.476,0.201,0.503,0.223,0.529,0.245,0.555,0.266,0.579,0.288,0.602,0.309,0.624,0.33,0.644,0.351,0.663,0.371,0.679,0.391,0.694,0.41,0.706,0.428,0.717,0.446,0.725,0.462,0.731,0.478,0.734,0.492,0.735,0.506,0.733,0.518,0.729,0.529,0.723,0.539,0.714,0.547,0.702,0.554,0.689,0.559,0.673,0.563,0.655,0.566,0.635,0.567,0.613,0.567,0.59,0.566,0.564,0.563,0.538,0.558,0.51,0.553,0.481,0.546,0.451,0.537,0.42,0.528,0.389,0.517,0.357,0.506,0.325,0.493,0.293,0.48,0.262,0.465,0.231,0.45,0.2,0.434,0.17,0.418,0.141,0.401,0.113,0.384,0.087,0.366,0.061,0.348,0.037,0.33,0.015,0.312,0.006,0.294,0.025,0.275,0.042,0.258,0.058,0.24,0.072,0.223,0.084,0.206,0.094,0.189,0.102,0.174
0.01,0.117,0.018,0.117,0.027,0.117,0.037,0.117,0.048,0.116,0.06,0.114,0.074,0.113,0.088,0.111,0.104,0.109,0.12,0.107,0.138,0.105,0.156,0.104,0.176,0.103,0.196,0.103,0.218,0.105,0.239,0.108,0.262,0.112,0.285,0.118,0.309,0.125,0.332,0.135,0.357,0.145,0.381,0.157,0.405,0.17,0.429,0.183,0.453,0.198,0.477,0.213,0.5,0.229,0.522,0.245,0.544,0.262,0.564,0.279,0.584,0.296,0.603,0.313,0.62,0.329,0.636,0.346,0.65,0.362,0.663,0.378,0.674,0.394,0.684,0.409,0.691,0.423,0.697,0.437,0.701,0.45,0.703,0.462,0.702,0.473,0.7,0.483,0.696,0.492,0.69,0.5,0.681,0.508,0.671,0.514,0.659,0.518,0.645,0.522,0.629,0.525,0.611,0.526,0.592,0.526,0.571,0.525,0.549,0.523,0.525,0.519,0.5,0.515,0.475,0.509,0.448,0.502,0.42,0.494,0.392,0.486,0.364,0.476,0.335,0.465,0.306,0.454,0.277,0.441,0.248,0.428,0.22,0.415,0.192,0.401,0.164,0.386,0.138,0.371,0.112,0.355,0.087,0.34,0.063,0.324,0.04,0.308,0.019,0.292,0.001,0.276,0.019,0.26,0.036,0.245,0.051,0.229,0.065,0.214,0.077,0.2
0.028,0.057,0.036,0.056,0.044,0.056,0.053,0.057,0.063,0.059,0.074,0.063,0.085,0.067,0.098,0.072,0.111,0.078,0.125,0.085,0.139,0.093,0.155,0.101,0.171,0.11,0.187,0.12,0.205,0.131,0.223,0.141,0.241,0.153,0.26,0.164,0.279,0.176,0.299,0.188,0.319,0.201,0.339,0.214,0.359,0.226,0.379,0.239,0.399,0.252,0.419,0.265,0.439,0.278,0.458,0.291,0.477,0.304,0.496,0.317,0.514,0.33,0.531,0.342,0.547,0.354,0.563,0.366,0.578,0.378,0.591,0.389,0.604,0.4,0.615,0.41,0.626,0.42,0.634,0.43,0.642,0.438,0.648,0.447,0.653,0.455,0.656,0.462,0.657,0.468,0.657,0.474,0.655,0.479,0.652,0.484,0.647,0.488,0.641,0.491,0.633,0.493,0.624,0.495,0.613,0.496,0.6,0.496,0.586,0.495,0.571,0.494,0.554,0.492,0.537,0.489,0.518,0.486,0.497,0.482,0.476,0.477,0.454,0.471,0.432,0.465,0.408,0.458,0.384,0.451,0.36,0.443,0.335,0.434,0.31,0.425,0.284,0.415,0.259,0.405,0.234,0.395,0.209,0.384,0.184,0.372,0.16,0.361,0.136,0.349,0.113,0.336,0.091,0.324,0.07,0.311,0.049,0.299,0.029,0.286,0.011,0.273
0.137,0.069,0.149,0.073,0.161,0.078,0.174,0.083,0.187,0.088,0.201,0.094,0.216,0.099,0.23,0.105,0.245,0.11,0.261,0.116,0.276,0.122,0.292,0.128,0.309,0.134,0.325,0.14,0.342,0.145,0.358,0.151,0.375,0.157,0.391,0.163,0.408,0.169,0.424,0.175,0.44,0.181,0.456,0.187,0.471,0.193,0.486,0.198,0.5,0.204,0.514,0.21,0.528,0.215,0.54,0.22,0.552,0.226,0.563,0.231,0.574,0.236,0.583,0.241,0.592,0.246,0.599,0.251,0.605,0.255,0.611,0.26,0.615,0.264,0.618,0.268,0.62,0.272,0.621,0.276,0.62,0.28,0.618,0.284,0.615,0.287,0.611,0.29,0.606,0.294,0.599,0.297,0.591,0.299,0.582,0.302,0.572,0.304,0.56,0.307,0.548,0.309,0.534,0.31,0.519,0.312,0.504,0.314,0.487,0.315,0.47,0.316,0.451,0.317,0.432,0.318,0.413,0.319,0.392,0.319,0.372,0.319,0.35,0.32,0.329,0.319,0.307,0.319,0.285,0.319,0.262,0.318,0.24,0.318,0.218,0.317,0.195,0.316,0.173,0.315,0.152,0.313,0.13,0.312,0.109,0.31,0.089,0.309,0.069,0.307,0.05,0.305,0.031,0.303,0.014,0.301,0.003,0.298,0.019,0.296,0.034,0.293
0.13,0.134,0.13,0.134,0.128,0.132,0.123,0.128,0.116,0.122,0.106,0.113,0.093,0.102,0.078,0.089,0.061,0.074,0.04,0.059,0.018,0.047,0.008,0.044,0.035,0.055,0.065,0.077,0.097,0.105,0.13,0.136,0.166,0.17,0.202,0.205,0.24,0.242,0.279,0.28,0.318,0.319,0.358,0.358,0.397,0.397,0.436,0.436,0.475,0.474,0.513,0.512,0.55,0.548,0.585,0.583,0.618,0.616,0.649,0.648,0.679,0.677,0.705,0.703,0.729,0.727,0.75,0.748,0.769,0.766,0.784,0.781,0.795,0.793,0.804,0.801,0.809,0.806,0.81,0.808,0.809,0.806,0.803,0.801,0.795,0.793,0.784,0.782,0.769,0.767,0.751,0.75,0.731,0.73,0.709,0.707,0.683,0.683,0.656,0.656,0.627,0.627,0.596,0.596,0.564,0.565,0.531,0.532,0.497,0.498,0.462,0.464,0.428,0.429,0.393,0.395,0.358,0.36,0.323,0.327,0.29,0.294,0.257,0.262,0.225,0.231,0.195,0.201,0.166,0.173,0.138,0.147,0.113,0.123,0.089,0.101,0.067,0.082,0.046,0.066,0.028,0.054,0.012,0.046,0.002,0.043,0.014,0.043,0.024,0.046,0.033,0.05,0.039,0.053,0.044,0.055,0.047,0.056,0.049,0.057,0.049,0.056
0.113,0.177,0.11,0.177,0.105,0.175,0.097,0.17,0.087,0.163,0.074,0.152,0.059,0.139,0.041,0.124,0.021,0.106,0.002,0.086,0.027,0.064,0.054,0.043,0.084,0.031,0.115,0.044,0.148,0.071,0.183,0.103,0.219,0.138,0.256,0.175,0.294,0.214,0.333,0.253,0.372,0.293,0.41,0.333,0.449,0.373,0.486,0.412,0.523,0.451,0.559,0.489,0.593,0.526,0.625,0.561,0.656,0.595,0.684,0.626,0.709,0.655,0.732,0.682,0.752,0.706,0.769,0.727,0.783,0.745,0.794,0.76,0.801,0.772,0.805,0.781,0.806,0.786,0.803,0.788,0.797,0.787,0.788,0.783,0.775,0.776,0.76,0.766,0.742,0.753,0.721,0.737,0.697,0.719,0.672,0.699,0.644,0.676,0.614,0.652,0.583,0.626,0.55,0.598,0.517,0.569,0.482,0.54,0.448,0.509,0.412,0.478,0.377,0.447,0.342,0.417,0.308,0.386,0.274,0.355,0.241,0.326,0.21,0.297,0.179,0.269,0.15,0.243,0.123,0.218,0.098,0.194,0.074,0.172,0.052,0.151,0.033,0.132,0.015,0.115,0.001,0.099,0.015,0.085,0.026,0.073,0.036,0.062,0.044,0.053,0.05,0.045,0.054,0.039,0.057,0.033,0.058,0.028,0.058,0.023,0.056,0.019
0.084,0.185,0.078,0.185,0.069,0.182,0.058,0.177,0.044,0.17,0.028,0.16,0.009,0.149,0.012,0.135,0.035,0.12,0.06,0.104,0.087,0.088,0.116,0.074,0.147,0.067,0.18,0.071,0.214,0.086,0.249,0.109,0.285,0.137,0.321,0.168,0.358,0.201,0.395,0.236,0.431,0.271,0.468,0.306,0.503,0.342,0.537,0.377,0.57,0.412,0.601,0.446,0.631,0.479,0.658,0.511,0.683,0.541,0.706,0.569,0.726,0.596,0.743,0.62,0.757,0.642,0.768,0.662,0.776,0.679,0.78,0.694,0.782,0.706,0.78,0.715,0.775,0.722,0.767,0.726,0.755,0.727,0.741,0.726,0.724,0.722,0.704,0.716,0.682,0.707,0.658,0.696,0.631,0.683,0.603,0.668,0.573,0.652,0.542,0.634,0.509,0.614,0.476,0.594,0.442,0.572,0.408,0.549,0.373,0.526,0.339,0.503,0.306,0.479,0.272,0.455,0.24,0.431,0.209,0.407,0.179,0.383,0.15,0.36,0.123,0.338,0.098,0.316,0.075,0.295,0.053,0.275,0.033,0.255,0.015,0.236,0,0.218,0.014,0.201,0.026,0.185,0.036,0.17,0.044,0.155,0.05,0.141,0.054,0.128,0.057,0.115,0.058,0.103,0.058,0.091,0.057,0.08,0.054,0.07,0.051,0.06
0.103,0.146,0.095,0.147,0.085,0.146,0.072,0.145,0.057,0.142,0.039,0.139,0.019,0.135,0.004,0.131,0.028,0.128,0.055,0.126,0.084,0.127,0.115,0.13,0.147,0.138,0.181,0.149,0.216,0.164,0.252,0.183,0.289,0.204,0.326,0.228,0.364,0.254,0.401,0.281,0.438,0.31,0.475,0.339,0.51,0.368,0.545,0.398,0.578,0.428,0.61,0.458,0.639,0.486,0.667,0.514,0.692,0.541,0.714,0.567,0.734,0.591,0.751,0.613,0.765,0.633,0.776,0.652,0.784,0.668,0.789,0.682,0.791,0.694,0.789,0.703,0.784,0.71,0.776,0.714,0.765,0.715,0.752,0.715,0.735,0.711,0.716,0.706,0.694,0.698,0.671,0.687,0.645,0.675,0.617,0.66,0.588,0.644,0.558,0.626,0.526,0.607,0.493,0.586,0.46,0.564,0.427,0.541,0.393,0.517,0.359,0.493,0.326,0.468,0.294,0.444,0.262,0.419,0.231,0.395,0.201,0.372,0.172,0.349,0.145,0.328,0.12,0.307,0.096,0.288,0.073,0.271,0.053,0.255,0.035,0.24,0.018,0.227,0.003,0.216,0.01,0.206,0.021,0.198,0.03,0.19,0.037,0.184,0.043,0.178,0.047,0.173,0.05,0.168,0.051,0.162,0.051,0.157,0.05,0.152,0.048,0.146
0.114,0.103,0.111,0.103,0.106,0.102,0.099,0.099,0.089,0.095,0.077,0.089,0.062,0.081,0.045,0.072,0.026,0.062,0.005,0.051,0.019,0.041,0.045,0.035,0.073,0.038,0.103,0.05,0.134,0.068,0.167,0.089,0.201,0.113,0.236,0.139,0.273,0.166,0.309,0.194,0.346,0.224,0.384,0.254,0.421,0.285,0.457,0.316,0.493,0.347,0.528,0.378,0.562,0.409,0.594,0.439,0.625,0.469,0.653,0.497,0.68,0.525,0.704,0.552,0.725,0.577,0.744,0.6,0.76,0.622,0.773,0.642,0.783,0.66,0.79,0.676,0.794,0.69,0.795,0.701,0.793,0.711,0.787,0.717,0.779,0.722,0.768,0.724,0.753,0.723,0.737,0.72,0.717,0.715,0.695,0.707,0.671,0.697,0.645,0.685,0.618,0.671,0.589,0.655,0.558,0.637,0.526,0.617,0.494,0.596,0.46,0.574,0.427,0.55,0.393,0.525,0.36,0.499,0.326,0.473,0.293,0.446,0.261,0.419,0.23,0.391,0.2,0.363,0.171,0.336,0.144,0.309,0.118,0.283,0.093,0.257,0.071,0.232,0.05,0.208,0.031,0.185,0.013,0.164,0.002,0.144,0.016,0.127,0.027,0.111,0.037,0.098,0.045,0.088,0.051,0.08,0.056,0.075,0.059,0.073,0.061,0.073
0.075,0.119,0.077,0.12,0.077,0.119,0.076,0.117,0.073,0.114,0.069,0.109,0.062,0.102,0.054,0.093,0.043,0.084,0.031,0.072,0.016,0.06,0,0.048,0.019,0.037,0.04,0.034,0.063,0.042,0.087,0.058,0.113,0.078,0.141,0.101,0.171,0.126,0.201,0.152,0.233,0.18,0.266,0.208,0.299,0.237,0.333,0.266,0.368,0.295,0.402,0.325,0.436,0.354,0.47,0.383,0.503,0.411,0.535,0.439,0.566,0.466,0.596,0.492,0.624,0.517,0.651,0.54,0.675,0.562,0.697,0.583,0.717,0.602,0.735,0.619,0.75,0.634,0.762,0.647,0.771,0.658,0.777,0.667,0.781,0.674,0.781,0.679,0.779,0.681,0.774,0.682,0.766,0.68,0.755,0.676,0.741,0.67,0.724,0.663,0.706,0.653,0.685,0.641,0.661,0.628,0.636,0.613,0.609,0.596,0.58,0.578,0.55,0.559,0.519,0.539,0.487,0.517,0.454,0.495,0.421,0.472,0.387,0.448,0.353,0.424,0.32,0.4,0.287,0.375,0.254,0.35,0.223,0.326,0.192,0.301,0.162,0.277,0.134,0.254,0.107,0.23,0.082,0.208,0.058,0.186,0.036,0.165,0.016,0.145,0.003,0.126,0.019,0.108,0.034,0.091,0.046,0.075,0.057,0.06,0.066,0.046
0.04,0.106,0.041,0.109,0.04,0.111,0.038,0.111,0.035,0.111,0.03,0.11,0.024,0.107,0.016,0.103,0.007,0.098,0.005,0.092,0.018,0.084,0.032,0.075,0.049,0.064,0.067,0.053,0.086,0.04,0.108,0.026,0.131,0.015,0.155,0.016,0.181,0.031,0.207,0.049,0.235,0.069,0.264,0.09,0.294,0.113,0.324,0.135,0.355,0.159,0.385,0.183,0.416,0.208,0.447,0.233,0.477,0.258,0.507,0.283,0.536,0.309,0.563,0.334,0.59,0.358,0.615,0.383,0.639,0.406,0.661,0.429,0.681,0.451,0.699,0.472,0.714,0.493,0.728,0.511,0.738,0.529,0.747,0.546,0.753,0.56,0.756,0.574,0.756,0.586,0.754,0.596,0.749,0.604,0.741,0.611,0.731,0.616,0.718,0.62,0.703,0.621,0.685,0.621,0.666,0.619,0.644,0.616,0.62,0.61,0.594,0.604,0.567,0.595,0.538,0.585,0.509,0.574,0.478,0.561,0.446,0.547,0.414,0.532,0.381,0.516,0.349,0.498,0.316,0.48,0.283,0.462,0.251,0.442,0.22,0.422,0.189,0.402,0.159,0.381,0.131,0.36,0.103,0.339,0.077,0.318,0.053,0.297,0.03,0.276,0.009,0.255,0.01,0.235,0.028,0.216,0.043,0.197,0.057,0.179,0.069,0.162
0.018,0.104,0.014,0.105,0.008,0.106,0.001,0.107,0.008,0.107,0.017,0.105,0.029,0.103,0.041,0.101,0.056,0.097,0.071,0.092,0.088,0.087,0.107,0.081,0.127,0.074,0.148,0.066,0.171,0.057,0.194,0.048,0.219,0.04,0.244,0.033,0.27,0.031,0.297,0.035,0.325,0.044,0.353,0.057,0.381,0.072,0.409,0.089,0.437,0.107,0.465,0.125,0.492,0.145,0.519,0.165,0.545,0.185,0.569,0.206,0.593,0.227,0.615,0.248,0.636,0.269,0.655,0.29,0.672,0.311,0.687,0.332,0.701,0.352,0.712,0.372,0.721,0.392,0.727,0.411,0.732,0.429,0.733,0.446,0.733,0.462,0.729,0.478,0.724,0.492,0.716,0.505,0.705,0.517,0.693,0.528,0.678,0.538,0.66,0.546,0.641,0.553,0.62,0.558,0.597,0.563,0.572,0.565,0.546,0.567,0.519,0.567,0.49,0.565,0.461,0.562,0.43,0.558,0.399,0.553,0.368,0.546,0.336,0.538,0.304,0.529,0.273,0.518,0.241,0.507,0.211,0.495,0.181,0.481,0.151,0.467,0.123,0.452,0.096,0.436,0.07,0.42,0.046,0.403,0.023,0.386,0.002,0.368,0.018,0.351,0.036,0.332,0.052,0.314,0.067,0.296,0.079,0.278,0.09,0.26,0.099,0.242
0.007,0.112,0.014,0.115,0.023,0.118,0.032,0.12,0.042,0.122,0.054,0.124,0.067,0.125,0.08,0.126,0.095,0.127,0.111,0.127,0.128,0.127,0.146,0.127,0.165,0.126,0.185,0.125,0.205,0.125,0.227,0.124,0.249,0.124,0.271,0.124,0.295,0.124,0.318,0.126,0.342,0.128,0.366,0.131,0.391,0.136,0.415,0.141,0.439,0.148,0.463,0.157,0.486,0.166,0.509,0.177,0.531,0.189,0.552,0.201,0.572,0.215,0.591,0.229,0.609,0.243,0.626,0.258,0.641,0.274,0.655,0.289,0.667,0.305,0.678,0.321,0.687,0.336,0.693,0.352,0.698,0.367,0.701,0.382,0.702,0.397,0.701,0.41,0.698,0.424,0.693,0.436,0.686,0.448,0.676,0.459,0.665,0.47,0.652,0.479,0.637,0.487,0.621,0.495,0.602,0.501,0.582,0.506,0.561,0.51,0.538,0.513,0.514,0.515,0.489,0.516,0.462,0.516,0.435,0.514,0.407,0.511,0.379,0.507,0.35,0.503,0.321,0.497,0.292,0.49,0.264,0.482,0.235,0.473,0.206,0.463,0.179,0.452,0.151,0.441,0.125,0.429,0.1,0.416,0.075,0.403,0.052,0.389,0.03,0.375,0.009,0.361,0.01,0.346,0.027,0.331,0.044,0.316,0.058,0.301,0.071,0.286
0.024,0.074,0.031,0.073,0.039,0.073,0.047,0.073,0.056,0.073,0.066,0.072,0.076,0.073,0.088,0.073,0.1,0.074,0.113,0.075,0.127,0.077,0.141,0.079,0.157,0.083,0.172,0.086,0.189,0.091,0.206,0.096,0.224,0.103,0.242,0.109,0.261,0.117,0.28,0.125,0.3,0.133,0.32,0.143,0.34,0.152,0.36,0.162,0.38,0.173,0.4,0.184,0.42,0.195,0.44,0.206,0.459,0.218,0.478,0.23,0.496,0.242,0.514,0.254,0.531,0.266,0.548,0.278,0.563,0.291,0.578,0.303,0.591,0.315,0.604,0.327,0.615,0.339,0.625,0.35,0.634,0.362,0.641,0.373,0.647,0.383,0.651,0.394,0.654,0.404,0.655,0.413,0.655,0.423,0.653,0.431,0.65,0.439,0.645,0.447,0.638,0.454,0.63,0.461,0.621,0.466,0.609,0.472,0.597,0.476,0.582,0.48,0.567,0.483,0.55,0.486,0.532,0.488,0.513,0.489,0.493,0.489,0.471,0.489,0.449,0.488,0.426,0.486,0.403,0.484,0.379,0.481,0.354,0.477,0.329,0.472,0.304,0.467,0.278,0.462,0.253,0.455,0.228,0.448,0.203,0.441,0.178,0.433,0.154,0.424,0.13,0.415,0.107,0.405,0.085,0.395,0.064,0.385,0.043,0.374,0.024,0.363
0.123,0.05,0.134,0.051,0.145,0.052,0.157,0.054,0.17,0.056,0.183,0.059,0.196,0.061,0.211,0.065,0.225,0.068,0.24,0.072,0.255,0.076,0.271,0.08,0.287,0.085,0.303,0.089,0.32,0.094,0.336,0.099,0.353,0.104,0.369,0.11,0.386,0.115,0.403,0.121,0.419,0.126,0.435,0.132,0.451,0.137,0.467,0.143,0.482,0.149,0.496,0.155,0.511,0.16,0.524,0.166,0.537,0.172,0.549,0.178,0.561,0.183,0.571,0.189,0.581,0.194,0.589,0.2,0.597,0.206,0.604,0.211,0.609,0.216,0.614,0.222,0.617,0.227,0.619,0.232,0.62,0.237,0.62,0.242,0.619,0.246,0.616,0.251,0.612,0.255,0.606,0.26,0.6,0.264,0.592,0.268,0.583,0.272,0.573,0.276,0.562,0.28,0.549,0.283,0.536,0.286,0.521,0.29,0.505,0.293,0.489,0.295,0.471,0.298,0.453,0.301,0.434,0.303,0.414,0.305,0.394,0.307,0.373,0.309,0.352,0.31,0.33,0.312,0.308,0.313,0.286,0.314,0.263,0.315,0.241,0.316,0.218,0.317,0.196,0.317,0.174,0.317,0.152,0.317,0.13,0.317,0.109,0.317,0.089,0.316,0.069,0.316,0.049,0.315,0.03,0.314,0.012,0.313,0.005,0.312,0.021,0.311
